-- MySQL dump 10.13  Distrib 5.5.29, for debian-linux-gnu (x86_64)
--
-- Host: localhost    Database: orient_production
-- ------------------------------------------------------
-- Server version	5.5.29-0ubuntu0.12.04.1

/*!40101 SET @OLD_CHARACTER_SET_CLIENT=@@CHARACTER_SET_CLIENT */;
/*!40101 SET @OLD_CHARACTER_SET_RESULTS=@@CHARACTER_SET_RESULTS */;
/*!40101 SET @OLD_COLLATION_CONNECTION=@@COLLATION_CONNECTION */;
/*!40101 SET NAMES utf8 */;
/*!40103 SET @OLD_TIME_ZONE=@@TIME_ZONE */;
/*!40103 SET TIME_ZONE='+00:00' */;
/*!40014 SET @OLD_UNIQUE_CHECKS=@@UNIQUE_CHECKS, UNIQUE_CHECKS=0 */;
/*!40014 SET @OLD_FOREIGN_KEY_CHECKS=@@FOREIGN_KEY_CHECKS, FOREIGN_KEY_CHECKS=0 */;
/*!40101 SET @OLD_SQL_MODE=@@SQL_MODE, SQL_MODE='NO_AUTO_VALUE_ON_ZERO' */;
/*!40111 SET @OLD_SQL_NOTES=@@SQL_NOTES, SQL_NOTES=0 */;

--
-- Table structure for table `avatars`
--

DROP TABLE IF EXISTS `avatars`;
/*!40101 SET @saved_cs_client     = @@character_set_client */;
/*!40101 SET character_set_client = utf8 */;
CREATE TABLE `avatars` (
  `id` int(11) NOT NULL AUTO_INCREMENT,
  `avatar_file_name` varchar(255) COLLATE utf8_unicode_ci DEFAULT NULL,
  `avatar_content_type` varchar(255) COLLATE utf8_unicode_ci DEFAULT NULL,
  `avatar_file_size` int(11) DEFAULT NULL,
  `avatarable_id` int(11) DEFAULT NULL,
  `avatarable_type` varchar(255) COLLATE utf8_unicode_ci DEFAULT NULL,
  `created_at` datetime NOT NULL,
  `updated_at` datetime NOT NULL,
  PRIMARY KEY (`id`)
) ENGINE=InnoDB AUTO_INCREMENT=11 DEFAULT CHARSET=utf8 COLLATE=utf8_unicode_ci;
/*!40101 SET character_set_client = @saved_cs_client */;

--
-- Dumping data for table `avatars`
--

LOCK TABLES `avatars` WRITE;
/*!40000 ALTER TABLE `avatars` DISABLE KEYS */;
INSERT INTO `avatars` VALUES (1,'DSC_0734.JPG','image/jpeg',5087363,4,'User','2013-08-06 17:29:59','2013-08-06 17:29:59'),(3,NULL,NULL,NULL,7,'User','2013-09-18 18:16:36','2013-09-18 18:16:36'),(4,NULL,NULL,NULL,8,'User','2013-09-18 20:40:13','2013-09-18 20:40:13'),(5,NULL,NULL,NULL,9,'User','2013-09-18 20:41:09','2013-09-18 20:41:09'),(6,'suneel_photo.jpg','image/jpeg',66752,10,'User','2013-09-18 21:05:12','2013-09-18 21:05:12'),(7,NULL,NULL,NULL,11,'User','2013-09-18 21:15:50','2013-09-18 21:15:50'),(8,'vc.jpg','image/jpeg',13885,12,'User','2013-09-18 21:19:30','2013-09-18 21:19:30'),(9,'all_products.jpg','image/jpeg',42261,15227,'ReportLine','2013-09-19 07:34:06','2013-09-19 07:34:06'),(10,'sasf.jpg','image/jpeg',21040,15229,'ReportLine','2013-09-19 07:34:06','2013-09-19 07:34:06');
/*!40000 ALTER TABLE `avatars` ENABLE KEYS */;
UNLOCK TABLES;

--
-- Table structure for table `brands`
--

DROP TABLE IF EXISTS `brands`;
/*!40101 SET @saved_cs_client     = @@character_set_client */;
/*!40101 SET character_set_client = utf8 */;
CREATE TABLE `brands` (
  `id` int(11) NOT NULL AUTO_INCREMENT,
  `name` varchar(255) COLLATE utf8_unicode_ci DEFAULT NULL,
  `created_at` datetime NOT NULL,
  `updated_at` datetime NOT NULL,
  PRIMARY KEY (`id`)
) ENGINE=InnoDB AUTO_INCREMENT=56 DEFAULT CHARSET=utf8 COLLATE=utf8_unicode_ci;
/*!40101 SET character_set_client = @saved_cs_client */;

--
-- Dumping data for table `brands`
--

LOCK TABLES `brands` WRITE;
/*!40000 ALTER TABLE `brands` DISABLE KEYS */;
INSERT INTO `brands` VALUES (37,'Samsung','2013-08-06 11:51:58','2013-08-06 11:51:58'),(38,'Sony','2013-08-06 11:51:58','2013-08-06 11:51:58'),(39,'LG','2013-08-06 11:51:58','2013-08-06 11:51:58'),(40,'Panasonic','2013-08-06 11:51:58','2013-08-06 11:51:58'),(41,'Haier','2013-08-06 11:51:58','2013-08-06 11:51:58'),(42,'Ecostar','2013-08-06 11:51:58','2013-08-06 11:51:58'),(43,'Changhong','2013-08-06 11:51:58','2013-08-06 11:51:58'),(44,'Orient','2013-08-06 11:51:58','2013-08-06 11:51:58'),(45,'Gree','2013-08-06 11:51:58','2013-08-06 11:51:58'),(46,'Kenwood','2013-08-06 11:51:58','2013-08-06 11:51:58'),(47,'Electrolux','2013-08-06 11:51:58','2013-08-06 11:51:58'),(48,'Galanz','2013-08-06 11:51:58','2013-08-06 11:51:58'),(49,'Dawlance','2013-08-06 11:51:58','2013-08-06 11:51:58'),(50,'Waves','2013-08-06 11:51:58','2013-08-06 11:51:58'),(51,'Mitsubishi','2013-08-06 11:51:58','2013-08-06 11:51:58'),(52,'Changhong','2013-08-06 11:51:58','2013-08-06 11:51:58'),(53,'PEL','2013-08-06 11:51:58','2013-08-06 11:51:58'),(54,'Other','2013-08-06 11:51:58','2013-08-06 11:51:58'),(55,'Toshiba','2013-08-24 10:26:44','2013-08-24 10:26:44');
/*!40000 ALTER TABLE `brands` ENABLE KEYS */;
UNLOCK TABLES;

--
-- Table structure for table `brands_product_categories`
--

DROP TABLE IF EXISTS `brands_product_categories`;
/*!40101 SET @saved_cs_client     = @@character_set_client */;
/*!40101 SET character_set_client = utf8 */;
CREATE TABLE `brands_product_categories` (
  `product_category_id` int(11) DEFAULT NULL,
  `brand_id` int(11) DEFAULT NULL
) ENGINE=InnoDB DEFAULT CHARSET=utf8 COLLATE=utf8_unicode_ci;
/*!40101 SET character_set_client = @saved_cs_client */;

--
-- Dumping data for table `brands_product_categories`
--

LOCK TABLES `brands_product_categories` WRITE;
/*!40000 ALTER TABLE `brands_product_categories` DISABLE KEYS */;
INSERT INTO `brands_product_categories` VALUES (1,28),(1,31),(1,32),(1,33),(1,35),(1,36),(2,27),(2,28),(2,29),(2,30),(2,31),(2,33),(2,34),(2,36),(3,22),(3,23),(3,26),(3,27),(3,28),(3,36),(4,49),(4,53),(4,44),(4,41),(4,54),(4,47),(4,48),(4,45),(4,46),(4,39),(4,51),(4,40),(4,52),(4,37),(6,49),(6,53),(6,44),(6,41),(6,50),(6,54);
/*!40000 ALTER TABLE `brands_product_categories` ENABLE KEYS */;
UNLOCK TABLES;

--
-- Table structure for table `brands_products`
--

DROP TABLE IF EXISTS `brands_products`;
/*!40101 SET @saved_cs_client     = @@character_set_client */;
/*!40101 SET character_set_client = utf8 */;
CREATE TABLE `brands_products` (
  `product_id` int(11) DEFAULT NULL,
  `brand_id` int(11) DEFAULT NULL,
  KEY `index_brands_products_on_product_id_and_brand_id` (`product_id`,`brand_id`)
) ENGINE=InnoDB DEFAULT CHARSET=utf8 COLLATE=utf8_unicode_ci;
/*!40101 SET character_set_client = @saved_cs_client */;

--
-- Dumping data for table `brands_products`
--

LOCK TABLES `brands_products` WRITE;
/*!40000 ALTER TABLE `brands_products` DISABLE KEYS */;
INSERT INTO `brands_products` VALUES (1,3),(1,4),(1,7),(1,9),(2,1),(2,2),(2,3),(3,23),(3,26),(3,31),(3,32),(3,35),(3,36),(4,19),(4,21),(4,22),(4,23),(4,26),(4,27),(4,28),(4,29),(4,30),(4,31),(4,33),(4,34),(4,35),(4,36),(5,19),(5,20),(5,21),(5,22),(5,23),(5,24),(5,26),(5,34),(5,36),(6,19),(6,20),(6,21),(6,22),(6,23),(6,24),(6,26),(6,34),(6,36),(7,19),(7,20),(7,21),(7,22),(7,23),(8,19),(8,21),(8,25),(8,26),(8,27),(8,36),(9,21),(9,22),(9,26),(9,36),(10,37),(10,38),(10,39),(10,40),(10,41),(10,42),(10,44),(10,52),(10,54),(11,37),(11,38),(11,39),(11,40),(11,41),(11,42),(11,44),(11,52),(11,54),(12,37),(12,38),(12,39),(12,40),(12,41);
/*!40000 ALTER TABLE `brands_products` ENABLE KEYS */;
UNLOCK TABLES;

--
-- Table structure for table `cities`
--

DROP TABLE IF EXISTS `cities`;
/*!40101 SET @saved_cs_client     = @@character_set_client */;
/*!40101 SET character_set_client = utf8 */;
CREATE TABLE `cities` (
  `id` int(11) NOT NULL AUTO_INCREMENT,
  `name` varchar(255) COLLATE utf8_unicode_ci DEFAULT NULL,
  `created_at` datetime NOT NULL,
  `updated_at` datetime NOT NULL,
  PRIMARY KEY (`id`)
) ENGINE=InnoDB AUTO_INCREMENT=185 DEFAULT CHARSET=utf8 COLLATE=utf8_unicode_ci;
/*!40101 SET character_set_client = @saved_cs_client */;

--
-- Dumping data for table `cities`
--

LOCK TABLES `cities` WRITE;
/*!40000 ALTER TABLE `cities` DISABLE KEYS */;
INSERT INTO `cities` VALUES (124,'Abbottabad','2013-08-06 11:51:58','2013-08-06 11:51:58'),(125,'Ahmed Pur','2013-08-06 11:51:58','2013-08-06 11:51:58'),(126,'Battagram','2013-08-06 11:51:58','2013-08-06 11:51:58'),(127,'Bhawalpur','2013-08-06 11:51:58','2013-08-06 11:51:58'),(128,'Biriya Road','2013-08-06 11:51:58','2013-08-06 11:51:58'),(129,'Daharki','2013-08-06 11:51:58','2013-08-06 11:51:58'),(130,'Dina','2013-08-06 11:51:58','2013-08-06 11:51:58'),(131,'Dor','2013-08-06 11:51:58','2013-08-06 11:51:58'),(132,'Faisalabad','2013-08-06 11:51:58','2013-08-06 11:51:58'),(133,'Firoza','2013-08-06 11:51:58','2013-08-06 11:51:58'),(134,'Gambat','2013-08-06 11:51:58','2013-08-06 11:51:58'),(135,'Muridke','2013-08-06 11:51:58','2013-08-06 11:51:58'),(136,'Ghakhar Mandi','2013-08-06 11:51:58','2013-08-06 11:51:58'),(137,'Ghotki','2013-08-06 11:51:58','2013-08-06 11:51:58'),(138,'Gujjar Khan','2013-08-06 11:51:58','2013-08-06 11:51:58'),(139,'Gujranwala','2013-08-06 11:51:58','2013-08-06 11:51:58'),(140,'Gujrat','2013-08-06 11:51:58','2013-08-06 11:51:58'),(141,'Hafizabad','2013-08-06 11:51:58','2013-08-06 11:51:58'),(142,'Haripur','2013-08-06 11:51:58','2013-08-06 11:51:58'),(143,'Hasilpur','2013-08-06 11:51:58','2013-08-06 11:51:58'),(144,'Hyderabad','2013-08-06 11:51:58','2013-08-06 11:51:58'),(145,'Islamabad','2013-08-06 11:51:58','2013-08-06 11:51:58'),(146,'Jauharabad','2013-08-06 11:51:58','2013-08-06 11:51:58'),(147,'Jehlum','2013-08-06 11:51:58','2013-08-06 11:51:58'),(148,'Kamoki','2013-08-06 11:51:58','2013-08-06 11:51:58'),(149,'Kandiaro','2013-08-06 11:51:58','2013-08-06 11:51:58'),(150,'Karachi','2013-08-06 11:51:58','2013-08-06 11:51:58'),(151,'Kasur','2013-08-06 11:51:58','2013-08-06 11:51:58'),(152,'Khairpur','2013-08-06 11:51:58','2013-08-06 11:51:58'),(153,'Khairpur Tamewali','2013-08-06 11:51:58','2013-08-06 11:51:58'),(154,'Khan Pur','2013-08-06 11:51:58','2013-08-06 11:51:58'),(155,'Lahore','2013-08-06 11:51:58','2013-08-06 11:51:58'),(156,'Lalamusa','2013-08-06 11:51:58','2013-08-06 11:51:58'),(157,'Larkana','2013-08-06 11:51:58','2013-08-06 11:51:58'),(158,'Liaqatpur','2013-08-06 11:51:58','2013-08-06 11:51:58'),(159,'Lodhran','2013-08-06 11:51:58','2013-08-06 11:51:58'),(160,'Multan','2013-08-06 11:51:58','2013-08-06 11:51:58'),(161,'Mansehra','2013-08-06 11:51:58','2013-08-06 11:51:58'),(162,'Mehrabpur','2013-08-06 11:51:58','2013-08-06 11:51:58'),(163,'Mir Pur Mathelo','2013-08-06 11:51:58','2013-08-06 11:51:58'),(164,'Mirpur Khas','2013-08-06 11:51:58','2013-08-06 11:51:58'),(165,'Moro','2013-08-06 11:51:58','2013-08-06 11:51:58'),(166,'Muzaffarabad','2013-08-06 11:51:58','2013-08-06 11:51:58'),(167,'Nawabshah','2013-08-06 11:51:58','2013-08-06 11:51:58'),(168,'Obaro','2013-08-06 11:51:58','2013-08-06 11:51:58'),(169,'Panun Aaql','2013-08-06 11:51:58','2013-08-06 11:51:58'),(170,'Peshawar','2013-08-06 11:51:58','2013-08-06 11:51:58'),(171,'Rahim Yar Khan','2013-08-06 11:51:58','2013-08-06 11:51:58'),(172,'Sheikhupura','2013-08-06 11:51:58','2013-08-06 11:51:58'),(173,'Ranipur','2013-08-06 11:51:58','2013-08-06 11:51:58'),(174,'Rawalpindi','2013-08-06 11:51:58','2013-08-06 11:51:58'),(175,'Sadiqabad','2013-08-06 11:51:58','2013-08-06 11:51:58'),(176,'Sahiwal','2013-08-06 11:51:58','2013-08-06 11:51:58'),(177,'Sanghar','2013-08-06 11:51:58','2013-08-06 11:51:58'),(178,'Sargodha','2013-08-06 11:51:58','2013-08-06 11:51:58'),(179,'Shahdadpur','2013-08-06 11:51:58','2013-08-06 11:51:58'),(180,'Sialkot','2013-08-06 11:51:58','2013-08-06 11:51:58'),(181,'Sukkur','2013-08-06 11:51:58','2013-08-06 11:51:58'),(182,'Swat','2013-08-06 11:51:58','2013-08-06 11:51:58'),(183,'Tando Adam','2013-08-06 11:51:58','2013-08-06 11:51:58'),(184,'Yazman','2013-08-06 11:51:58','2013-08-06 11:51:58');
/*!40000 ALTER TABLE `cities` ENABLE KEYS */;
UNLOCK TABLES;

--
-- Table structure for table `dealers`
--

DROP TABLE IF EXISTS `dealers`;
/*!40101 SET @saved_cs_client     = @@character_set_client */;
/*!40101 SET character_set_client = utf8 */;
CREATE TABLE `dealers` (
  `id` int(11) NOT NULL AUTO_INCREMENT,
  `name` varchar(255) COLLATE utf8_unicode_ci DEFAULT NULL,
  `created_at` datetime NOT NULL,
  `updated_at` datetime NOT NULL,
  PRIMARY KEY (`id`)
) ENGINE=InnoDB AUTO_INCREMENT=58 DEFAULT CHARSET=utf8 COLLATE=utf8_unicode_ci;
/*!40101 SET character_set_client = @saved_cs_client */;

--
-- Dumping data for table `dealers`
--

LOCK TABLES `dealers` WRITE;
/*!40000 ALTER TABLE `dealers` DISABLE KEYS */;
INSERT INTO `dealers` VALUES (1,'Al-haram electro&gas','2013-08-06 11:52:41','2013-08-06 11:52:41'),(2,'Surmawala','2013-08-06 11:52:41','2013-08-06 11:52:41'),(3,'Classic Electronics','2013-08-06 11:52:42','2013-08-06 11:52:42'),(4,'Dolly electronics','2013-08-06 11:52:42','2013-08-06 11:52:42'),(5,'hannan electronics','2013-08-06 11:52:42','2013-08-06 11:52:42'),(6,'Harmain electronics','2013-08-06 11:52:43','2013-08-06 11:52:43'),(7,'madina ','2013-08-06 11:52:43','2013-08-06 11:52:43'),(8,'HASNAIN ELECTRONICS','2013-08-06 11:52:43','2013-08-06 11:52:43'),(9,'Hassan electronics','2013-08-06 11:52:44','2013-08-06 11:52:44'),(10,'Imran Electronics','2013-08-06 11:52:45','2013-08-06 11:52:45'),(11,'M.I.K.Electronics','2013-08-06 11:52:45','2013-08-06 11:52:45'),(12,'MODERN HOME APPLIANCES','2013-08-06 11:52:45','2013-08-06 11:52:45'),(13,'Rafi & Sons','2013-08-06 11:52:46','2013-08-06 11:52:46'),(14,'Salman Electronics','2013-08-06 11:52:46','2013-08-06 11:52:46'),(15,'SARA ELECTRONICS','2013-08-06 11:52:46','2013-08-06 11:52:46'),(16,'SYNK Electronics brands synergy','2013-08-06 11:52:46','2013-08-06 11:52:46'),(17,'KRIZ ELECTRONICS','2013-08-06 11:52:47','2013-08-06 11:52:47'),(18,'Prime electronics','2013-08-06 11:52:47','2013-08-06 11:52:47'),(19,'Marhaba Electronics','2013-08-06 11:52:48','2013-08-06 11:52:48'),(20,'NEW ELECTROCITY','2013-08-06 11:52:48','2013-08-06 11:52:48'),(21,'Reliable Electronics','2013-08-06 11:52:49','2013-08-06 11:52:49'),(22,'RUBY ELECTRONICS','2013-08-06 11:52:49','2013-08-06 11:52:49'),(23,'Saudagaran Electronics','2013-08-06 11:52:49','2013-08-06 11:52:49'),(24,'SHARP DISPLAY&SALES CENTRE','2013-08-06 11:52:49','2013-08-06 11:52:49'),(25,'Top Brands electronics','2013-08-06 11:52:50','2013-08-06 11:52:50'),(26,'Lahore Center','2013-08-06 11:52:50','2013-08-06 11:52:50'),(27,'Afzal Electronics','2013-08-06 11:52:50','2013-08-06 11:52:50'),(28,'Delite House','2013-08-06 11:52:50','2013-08-06 11:52:50'),(29,'Electro  Gallery','2013-08-06 11:52:51','2013-08-06 11:52:51'),(30,'Selectronics','2013-08-06 11:52:51','2013-08-06 11:52:51'),(31,'Younas Electronics ','2013-08-06 11:52:51','2013-08-06 11:52:51'),(32,'White House','2013-08-06 11:52:52','2013-08-06 11:52:52'),(33,'A.R Electronics','2013-08-06 11:52:52','2013-08-06 11:52:52'),(34,'Qaiser Electronics','2013-08-06 11:52:52','2013-08-06 11:52:52'),(35,'Faisal Electric Company','2013-08-06 11:52:52','2013-08-06 11:52:52'),(36,'Minhaj Traders','2013-08-06 11:52:53','2013-08-06 11:52:53'),(37,'New Khaleej','2013-08-06 11:52:53','2013-08-06 11:52:53'),(38,'Sindh Coorporation(Walton)','2013-08-06 11:52:53','2013-08-06 11:52:53'),(39,'Rashid & Co.','2013-08-06 11:52:53','2013-08-06 11:52:53'),(40,'Bobby Electronics','2013-08-06 11:52:54','2013-08-06 11:52:54'),(41,'Kamran Electronics','2013-08-06 11:52:54','2013-08-06 11:52:54'),(42,'Bismilla Gift House(Shalimar)','2013-08-06 11:52:54','2013-08-06 11:52:54'),(43,'Delite Domestic','2013-08-06 11:52:55','2013-08-06 11:52:55'),(44,'Self','2013-08-06 11:52:55','2013-08-06 11:52:55'),(45,'Ali Electronics','2013-08-06 11:52:55','2013-08-06 11:52:55'),(46,'Al-Makah Electronics','2013-08-06 11:52:56','2013-08-06 11:52:56'),(47,'Chanel Electronics','2013-08-06 11:52:56','2013-08-06 11:52:56'),(48,'Inam Corporation','2013-08-06 11:52:56','2013-08-06 11:52:56'),(49,'Madina Electronics','2013-08-06 11:52:57','2013-08-06 11:52:57'),(50,'Pakistan Electronics','2013-08-06 11:52:57','2013-08-06 11:52:57'),(51,'Rana Electronics','2013-08-06 11:52:57','2013-08-06 11:52:57'),(52,'Samsung Digital Plaza','2013-08-06 11:52:58','2013-08-06 11:52:58'),(53,'Subhan Electronics','2013-08-06 11:52:58','2013-08-06 11:52:58'),(54,'Tahir Brother','2013-08-06 11:52:58','2013-08-06 11:52:58'),(55,'Yousaf Trading','2013-08-06 11:52:59','2013-08-06 11:52:59'),(56,'King Traders','2013-08-06 11:52:59','2013-08-06 11:52:59'),(57,'Meer Electronics','2013-08-06 11:53:00','2013-08-06 11:53:00');
/*!40000 ALTER TABLE `dealers` ENABLE KEYS */;
UNLOCK TABLES;

--
-- Table structure for table `locations`
--

DROP TABLE IF EXISTS `locations`;
/*!40101 SET @saved_cs_client     = @@character_set_client */;
/*!40101 SET character_set_client = utf8 */;
CREATE TABLE `locations` (
  `id` int(11) NOT NULL AUTO_INCREMENT,
  `city_id` int(11) DEFAULT NULL,
  `area` varchar(255) COLLATE utf8_unicode_ci DEFAULT NULL,
  `latitude` varchar(255) COLLATE utf8_unicode_ci DEFAULT NULL,
  `longitude` varchar(255) COLLATE utf8_unicode_ci DEFAULT NULL,
  `created_at` datetime NOT NULL,
  `updated_at` datetime NOT NULL,
  PRIMARY KEY (`id`)
) ENGINE=InnoDB AUTO_INCREMENT=135 DEFAULT CHARSET=utf8 COLLATE=utf8_unicode_ci;
/*!40101 SET character_set_client = @saved_cs_client */;

--
-- Dumping data for table `locations`
--

LOCK TABLES `locations` WRITE;
/*!40000 ALTER TABLE `locations` DISABLE KEYS */;
INSERT INTO `locations` VALUES (1,1,'Gulberg','','54','2013-07-22 10:43:41','2013-07-22 10:43:41'),(2,NULL,'Gulberg','67','54','2013-07-22 10:45:33','2013-07-25 08:53:42'),(3,89,'Aisha Manzil','N24°55.686\'','E067°03.925\'','2013-07-29 08:52:25','2013-07-29 08:52:25'),(4,89,'Aisha Manzil','N24°55.657\'','E067°03.886\'','2013-07-29 08:52:25','2013-07-29 08:52:25'),(5,89,'Aisha Manzil','N24°55.672\'','E067°03.902\'','2013-07-29 08:52:26','2013-07-29 08:52:26'),(6,89,'Aisha Manzil','N24°55.691\'','E067°03.928\'','2013-07-29 08:52:26','2013-07-29 08:52:26'),(7,89,'Aisha Manzil','N24°55.699\'','E067°03.936\'','2013-07-29 08:52:27','2013-07-29 08:52:27'),(8,89,'Aisha Manzil','N24°55.663\'','E067°03.844\'','2013-07-29 08:52:27','2013-07-29 08:52:27'),(9,89,'Aisha Manzil','N24°55.677\'','E067°03.918\'','2013-07-29 08:52:27','2013-07-29 08:52:27'),(10,89,'Aisha Manzil','N24°55.697','E067°03.936\'','2013-07-29 08:52:27','2013-07-29 08:52:27'),(11,89,'Aisha Manzil','N24°55.678\'','E067°03.919\'','2013-07-29 08:52:28','2013-07-29 08:52:28'),(12,89,'Aisha Manzil','N24°55.690\'','E067°04.017\'','2013-07-29 08:52:28','2013-07-29 08:52:28'),(13,89,'Aisha Manzil','N24°55.367\'','E067°04.112\'','2013-07-29 08:52:28','2013-07-29 08:52:28'),(14,89,'Aisha Manzil','N24°55.673\'','E067°03.904\'','2013-07-29 08:52:29','2013-07-29 08:52:29'),(15,89,'Aisha Manzil','N24°55.692\'','E067°03.928\'','2013-07-29 08:52:29','2013-07-29 08:52:29'),(16,89,'Aisha Manzil','N24°55.723\'','E067°03.940\'','2013-07-29 08:52:29','2013-07-29 08:52:29'),(17,89,'Aisha Manzil','N24°55.683\'','E067°03.920\'','2013-07-29 08:52:30','2013-07-29 08:52:30'),(18,89,'Aisha Manzil','N24°55.558\'','E067°04.002\'','2013-07-29 08:52:30','2013-07-29 08:52:30'),(19,89,'Aisha Manzil','N24°55.655\'','E067°03.885\'','2013-07-29 08:52:30','2013-07-29 08:52:30'),(20,89,'Aisha Manzil','N24°55.530\'','E067°03.986\'','2013-07-29 08:52:31','2013-07-29 08:52:31'),(21,89,'Aisha Manzil','N24°55.706\'','E067°03.948\'','2013-07-29 08:52:31','2013-07-29 08:52:31'),(22,89,'Al-Noor Turn','N24°56.937\'','E067°04.813\'','2013-07-29 08:52:31','2013-07-29 08:52:31'),(23,89,'Al-Noor Turn','N24°56.957\'','E067°04.842\'','2013-07-29 08:52:32','2013-07-29 08:52:32'),(24,89,'Al-noor turn','N24°56.957\'','E067°04.842\'','2013-07-29 08:52:32','2013-07-29 08:52:32'),(25,89,'Bahadarabad','N24°53.036\'','E067°03.907\'','2013-07-29 08:52:32','2013-07-29 08:52:32'),(26,89,'Bahadarabad','N24°53.009\'','E067°03.846\'','2013-07-29 08:52:33','2013-07-29 08:52:33'),(27,89,'Bahadarabad','N24°53.032\'','E067°03.903\'','2013-07-29 08:52:33','2013-07-29 08:52:33'),(28,89,'Bahadarabad','N24°52.984\'','E067°04.084\'','2013-07-29 08:52:33','2013-07-29 08:52:33'),(29,89,'Bahadarabad','N24°53.014\'','E067°03.828\'','2013-07-29 08:52:34','2013-07-29 08:52:34'),(30,89,'Bahadarabad','N24°53.049\'','E067°03.913\'','2013-07-29 08:52:34','2013-07-29 08:52:34'),(31,89,'Bahadarabad','N24°53.063\'','E067°03.902\'','2013-07-29 08:52:34','2013-07-29 08:52:34'),(32,94,'Abid Market','31°32\'58.5\"','74°18\'56.6\"','2013-07-29 08:52:35','2013-07-29 08:52:35'),(33,94,'Abid Market','31°32\'57.0\"','74°18\'56.0\"','2013-07-29 08:52:35','2013-07-29 08:52:35'),(34,94,'Abid Market','31°32\'57.1\"','74°18\'57.4\"','2013-07-29 08:52:36','2013-07-29 08:52:36'),(35,94,'Abid Market','31°32\'58.7\"','74°18\'57.7\"','2013-07-29 08:52:36','2013-07-29 08:52:36'),(36,94,'Abid Market','31°33\'00.8\"','74°18\'56.4\"','2013-07-29 08:52:36','2013-07-29 08:52:36'),(37,94,'Abid Market','31°33\'08.2\"','74°18\'55.0\"','2013-07-29 08:52:37','2013-07-29 08:52:37'),(38,94,'Abid Market','31°32\'59.4\"','74°18\'56.8\"','2013-07-29 08:52:37','2013-07-29 08:52:37'),(39,94,'Abid Market','31°32\'56.3\"','74°18\'56.5\"','2013-07-29 08:52:38','2013-07-29 08:52:38'),(40,94,'Allama Iqbal Town','31°31\'01.6\"','74°17\'38.2\"','2013-07-29 08:52:38','2013-07-29 08:52:38'),(41,94,'Allama Iqbal Town','31°31\'31.1\"','74°17\'08.2\"','2013-07-29 08:52:39','2013-07-29 08:52:39'),(42,94,'Allama Iqbal Town','31°31\'31.5\"','74°17\'09.0\"','2013-07-29 08:52:39','2013-07-29 08:52:39'),(43,94,'Badian','31°29\'42.9\"','74°24\'11.4\"','2013-07-29 08:52:39','2013-07-29 08:52:39'),(44,94,'Badian','31°29\'39.4\'\'','74°24\'17.0\"','2013-07-29 08:52:40','2013-07-29 08:52:40'),(45,94,'Badian','31°29\'36.2\"','74°24\'24.8\"','2013-07-29 08:52:40','2013-07-29 08:52:40'),(46,94,'Badian','31°29\'12.5\"','74°24\'50.4\"','2013-07-29 08:52:40','2013-07-29 08:52:40'),(47,94,'Band Road','31°32\'04.2\"','74°16\'49.0\"','2013-07-29 08:52:41','2013-07-29 08:52:41'),(48,94,'Band Road','31°32\'04.8\"','74°16\'46.9\"','2013-07-29 08:52:41','2013-07-29 08:52:41'),(49,94,'Cavalery Ground','31°30\'05.8\"','74°21\'59.5\"','2013-07-29 08:52:41','2013-07-29 08:52:41'),(50,94,'Cavalery Ground','31°30\'03.7\"','74°21\'59.8\"','2013-07-29 08:52:42','2013-07-29 08:52:42'),(51,94,'Chahmera','31°35\'13.5\"','74°20\'20.6\"','2013-07-29 08:52:42','2013-07-29 08:52:42'),(52,94,'Chahmera','31°35\'14.2\"','74°20\'24.9\"','2013-07-29 08:52:43','2013-07-29 08:52:43'),(53,94,'Chung Main Bazar','31°25\'37.9\"','74°10\'35.5\"','2013-07-29 08:52:43','2013-07-29 08:52:43'),(54,94,'Chung Main Bazar','31°25\'52.1\"','74°10\'29.0\"','2013-07-29 08:52:43','2013-07-29 08:52:43'),(55,94,'College Road','31°26\'41.1\"','74°17\'42.3\"','2013-07-29 08:52:44','2013-07-29 08:52:44'),(56,94,'College Road','31°26\'44.4\"','74°17\'44.7\"','2013-07-29 08:52:44','2013-07-29 08:52:44'),(57,94,'College Road','31°27\'46.9\"','74°18\'18.5\"','2013-07-29 08:52:44','2013-07-29 08:52:44'),(58,94,'College Road','31°27\'8.9\"','74°18\'07.5\"','2013-07-29 08:52:45','2013-07-29 08:52:45'),(59,94,'College Road','31°27\'49.6\"','74°18\'18.4\"','2013-07-29 08:52:45','2013-07-29 08:52:45'),(60,94,'College Road','31°27\'03.5\"','74°18\'05.2\"','2013-07-29 08:52:45','2013-07-29 08:52:45'),(61,94,'College Road','31°27\'00.7\"','74°17\'52.7\"','2013-07-29 08:52:46','2013-07-29 08:52:46'),(62,94,'College Road','31°26\'36.8\"','74°17\'40.2\"','2013-07-29 08:52:46','2013-07-29 08:52:46'),(63,94,'College Road','31°26\'36.6\"','74°17\'39.6\"','2013-07-29 08:52:46','2013-07-29 08:52:46'),(64,94,'College Road','31°27\'51.1\"','74°18\'19.6\"','2013-07-29 08:52:47','2013-07-29 08:52:47'),(65,94,'College Road','31°27\'52.5\"','74°18\'20.6\"','2013-07-29 08:52:47','2013-07-29 08:52:47'),(66,94,'College Road','31°27\'59.2\"','74°18\'23.4\"','2013-07-29 08:52:47','2013-07-29 08:52:47'),(67,94,'Faisal Town','31°28\'21.0\"','74°18\'10.5\"','2013-07-29 08:52:47','2013-07-29 08:52:47'),(68,94,'Faisal Town','31°28\'20.1\"','74°18\'10.4\"','2013-07-29 08:52:48','2013-07-29 08:52:48'),(69,150,'Aisha Manzil','N24°55.686\'','E067°03.925\'','2013-08-06 11:52:41','2013-08-06 11:52:41'),(70,150,'Aisha Manzil','N24°55.657\'','E067°03.886\'','2013-08-06 11:52:41','2013-08-06 11:52:41'),(71,150,'Aisha Manzil','N24°55.672\'','E067°03.902\'','2013-08-06 11:52:42','2013-08-06 11:52:42'),(72,150,'Aisha Manzil','N24°55.691\'','E067°03.928\'','2013-08-06 11:52:42','2013-08-06 11:52:42'),(73,150,'Aisha Manzil','N24°55.699\'','E067°03.936\'','2013-08-06 11:52:42','2013-08-06 11:52:42'),(74,150,'Aisha Manzil','N24°55.663\'','E067°03.844\'','2013-08-06 11:52:42','2013-08-06 11:52:42'),(75,150,'Aisha Manzil','N24°55.677\'','E067°03.918\'','2013-08-06 11:52:43','2013-08-06 11:52:43'),(76,150,'Aisha Manzil','N24°55.697','E067°03.936\'','2013-08-06 11:52:43','2013-08-06 11:52:43'),(77,150,'Aisha Manzil','N24°55.678\'','E067°03.919\'','2013-08-06 11:52:43','2013-08-06 11:52:43'),(78,150,'Aisha Manzil','N24°55.690\'','E067°04.017\'','2013-08-06 11:52:44','2013-08-06 11:52:44'),(79,150,'Aisha Manzil','N24°55.367\'','E067°04.112\'','2013-08-06 11:52:44','2013-08-06 11:52:44'),(80,150,'Aisha Manzil','N24°55.673\'','E067°03.904\'','2013-08-06 11:52:45','2013-08-06 11:52:45'),(81,150,'Aisha Manzil','N24°55.692\'','E067°03.928\'','2013-08-06 11:52:45','2013-08-06 11:52:45'),(82,150,'Aisha Manzil','N24°55.723\'','E067°03.940\'','2013-08-06 11:52:45','2013-08-06 11:52:45'),(83,150,'Aisha Manzil','N24°55.683\'','E067°03.920\'','2013-08-06 11:52:45','2013-08-06 11:52:45'),(84,150,'Aisha Manzil','N24°55.558\'','E067°04.002\'','2013-08-06 11:52:46','2013-08-06 11:52:46'),(85,150,'Aisha Manzil','N24°55.655\'','E067°03.885\'','2013-08-06 11:52:46','2013-08-06 11:52:46'),(86,150,'Aisha Manzil','N24°55.530\'','E067°03.986\'','2013-08-06 11:52:46','2013-08-06 11:52:46'),(87,150,'Aisha Manzil','N24°55.706\'','E067°03.948\'','2013-08-06 11:52:46','2013-08-06 11:52:46'),(88,150,'Al-Noor Turn','N24°56.937\'','E067°04.813\'','2013-08-06 11:52:47','2013-08-06 11:52:47'),(89,150,'Al-Noor Turn','N24°56.957\'','E067°04.842\'','2013-08-06 11:52:47','2013-08-06 11:52:47'),(90,150,'Al-noor turn','N24°56.957\'','E067°04.842\'','2013-08-06 11:52:48','2013-08-06 11:52:48'),(91,150,'Bahadarabad','N24°53.036\'','E067°03.907\'','2013-08-06 11:52:48','2013-08-06 11:52:48'),(92,150,'Bahadarabad','N24°53.009\'','E067°03.846\'','2013-08-06 11:52:48','2013-08-06 11:52:48'),(93,150,'Bahadarabad','N24°53.032\'','E067°03.903\'','2013-08-06 11:52:49','2013-08-06 11:52:49'),(94,150,'Bahadarabad','N24°52.984\'','E067°04.084\'','2013-08-06 11:52:49','2013-08-06 11:52:49'),(95,150,'Bahadarabad','N24°53.014\'','E067°03.828\'','2013-08-06 11:52:49','2013-08-06 11:52:49'),(96,150,'Bahadarabad','N24°53.049\'','E067°03.913\'','2013-08-06 11:52:49','2013-08-06 11:52:49'),(97,150,'Bahadarabad','N24°53.063\'','E067°03.902\'','2013-08-06 11:52:50','2013-08-06 11:52:50'),(98,155,'Abid Market','31°32\'58.5\"','74°18\'56.6\"','2013-08-06 11:52:50','2013-08-06 11:52:50'),(99,155,'Abid Market','31°32\'57.0\"','74°18\'56.0\"','2013-08-06 11:52:50','2013-08-06 11:52:50'),(100,155,'Abid Market','31°32\'57.1\"','74°18\'57.4\"','2013-08-06 11:52:50','2013-08-06 11:52:50'),(101,155,'Abid Market','31°32\'58.7\"','74°18\'57.7\"','2013-08-06 11:52:51','2013-08-06 11:52:51'),(102,155,'Abid Market','31°33\'00.8\"','74°18\'56.4\"','2013-08-06 11:52:51','2013-08-06 11:52:51'),(103,155,'Abid Market','31°33\'08.2\"','74°18\'55.0\"','2013-08-06 11:52:51','2013-08-06 11:52:51'),(104,155,'Abid Market','31°32\'59.4\"','74°18\'56.8\"','2013-08-06 11:52:51','2013-08-06 11:52:51'),(105,155,'Abid Market','31°32\'56.3\"','74°18\'56.5\"','2013-08-06 11:52:52','2013-08-06 11:52:52'),(106,155,'Allama Iqbal Town','31°31\'01.6\"','74°17\'38.2\"','2013-08-06 11:52:52','2013-08-06 11:52:52'),(107,155,'Allama Iqbal Town','31°31\'31.1\"','74°17\'08.2\"','2013-08-06 11:52:52','2013-08-06 11:52:52'),(108,155,'Allama Iqbal Town','31°31\'31.5\"','74°17\'09.0\"','2013-08-06 11:52:52','2013-08-06 11:52:52'),(109,155,'Badian','31°29\'42.9\"','74°24\'11.4\"','2013-08-06 11:52:52','2013-08-06 11:52:52'),(110,155,'Badian','31°29\'39.4\'\'','74°24\'17.0\"','2013-08-06 11:52:53','2013-08-06 11:52:53'),(111,155,'Badian','31°29\'36.2\"','74°24\'24.8\"','2013-08-06 11:52:53','2013-08-06 11:52:53'),(112,155,'Badian','31°29\'12.5\"','74°24\'50.4\"','2013-08-06 11:52:53','2013-08-06 11:52:53'),(113,155,'Band Road','31°32\'04.2\"','74°16\'49.0\"','2013-08-06 11:52:53','2013-08-06 11:52:53'),(114,155,'Band Road','31°32\'04.8\"','74°16\'46.9\"','2013-08-06 11:52:54','2013-08-06 11:52:54'),(115,155,'Cavalery Ground','31°30\'05.8\"','74°21\'59.5\"','2013-08-06 11:52:54','2013-08-06 11:52:54'),(116,155,'Cavalery Ground','31°30\'03.7\"','74°21\'59.8\"','2013-08-06 11:52:54','2013-08-06 11:52:54'),(117,155,'Chahmera','31°35\'13.5\"','74°20\'20.6\"','2013-08-06 11:52:54','2013-08-06 11:52:54'),(118,155,'Chahmera','31°35\'14.2\"','74°20\'24.9\"','2013-08-06 11:52:55','2013-08-06 11:52:55'),(119,155,'Chung Main Bazar','31°25\'37.9\"','74°10\'35.5\"','2013-08-06 11:52:55','2013-08-06 11:52:55'),(120,155,'Chung Main Bazar','31°25\'52.1\"','74°10\'29.0\"','2013-08-06 11:52:55','2013-08-06 11:52:55'),(121,155,'College Road','31°26\'41.1\"','74°17\'42.3\"','2013-08-06 11:52:55','2013-08-06 11:52:55'),(122,155,'College Road','31°26\'44.4\"','74°17\'44.7\"','2013-08-06 11:52:56','2013-08-06 11:52:56'),(123,155,'College Road','31°27\'46.9\"','74°18\'18.5\"','2013-08-06 11:52:56','2013-08-06 11:52:56'),(124,155,'College Road','31°27\'8.9\"','74°18\'07.5\"','2013-08-06 11:52:56','2013-08-06 11:52:56'),(125,155,'College Road','31°27\'49.6\"','74°18\'18.4\"','2013-08-06 11:52:56','2013-08-06 11:52:56'),(126,155,'College Road','31°27\'03.5\"','74°18\'05.2\"','2013-08-06 11:52:57','2013-08-06 11:52:57'),(127,155,'College Road','31°27\'00.7\"','74°17\'52.7\"','2013-08-06 11:52:57','2013-08-06 11:52:57'),(128,155,'College Road','31°26\'36.8\"','74°17\'40.2\"','2013-08-06 11:52:57','2013-08-06 11:52:57'),(129,155,'College Road','31°26\'36.6\"','74°17\'39.6\"','2013-08-06 11:52:58','2013-08-06 11:52:58'),(130,155,'College Road','31°27\'51.1\"','74°18\'19.6\"','2013-08-06 11:52:58','2013-08-06 11:52:58'),(131,155,'College Road','31°27\'52.5\"','74°18\'20.6\"','2013-08-06 11:52:58','2013-08-06 11:52:58'),(132,155,'College Road','31°27\'59.2\"','74°18\'23.4\"','2013-08-06 11:52:59','2013-08-06 11:52:59'),(133,155,'Faisal Town','31°28\'21.0\"','74°18\'10.5\"','2013-08-06 11:52:59','2013-08-06 11:52:59'),(134,155,'Faisal Town','31°28\'20.1\"','74°18\'10.4\"','2013-08-06 11:53:00','2013-08-06 11:53:00');
/*!40000 ALTER TABLE `locations` ENABLE KEYS */;
UNLOCK TABLES;

--
-- Table structure for table `managers`
--

DROP TABLE IF EXISTS `managers`;
/*!40101 SET @saved_cs_client     = @@character_set_client */;
/*!40101 SET character_set_client = utf8 */;
CREATE TABLE `managers` (
  `id` int(11) NOT NULL AUTO_INCREMENT,
  `name` varchar(255) COLLATE utf8_unicode_ci DEFAULT NULL,
  `cell_number` int(11) DEFAULT NULL,
  `dob` date DEFAULT NULL,
  `shop_id` int(11) DEFAULT NULL,
  `created_at` datetime NOT NULL,
  `updated_at` datetime NOT NULL,
  PRIMARY KEY (`id`)
) ENGINE=InnoDB AUTO_INCREMENT=135 DEFAULT CHARSET=utf8 COLLATE=utf8_unicode_ci;
/*!40101 SET character_set_client = @saved_cs_client */;

--
-- Dumping data for table `managers`
--

LOCK TABLES `managers` WRITE;
/*!40000 ALTER TABLE `managers` DISABLE KEYS */;
INSERT INTO `managers` VALUES (1,'',NULL,NULL,1,'2013-07-22 10:43:41','2013-07-22 10:43:41'),(69,'zeshan',2147483647,NULL,69,'2013-08-06 11:52:41','2013-08-06 11:52:41'),(70,NULL,NULL,NULL,70,'2013-08-06 11:52:41','2013-08-06 11:52:41'),(71,'ALI RAZA',2147483647,NULL,71,'2013-08-06 11:52:42','2013-08-06 11:52:42'),(72,'mudassir',2147483647,NULL,72,'2013-08-06 11:52:42','2013-08-06 11:52:42'),(73,'mudassir',2147483647,NULL,73,'2013-08-06 11:52:42','2013-08-06 11:52:42'),(74,'zia bhai',2147483647,NULL,74,'2013-08-06 11:52:42','2013-08-06 11:52:42'),(75,'zeshan',2147483647,'1981-12-24',75,'2013-08-06 11:52:43','2013-08-06 11:52:43'),(76,'farhan',2147483647,'1977-03-23',76,'2013-08-06 11:52:43','2013-08-06 11:52:43'),(77,'M.ULLAH KHAN',2147483647,'1966-01-11',77,'2013-08-06 11:52:43','2013-08-06 11:52:43'),(78,'Abdul basit',2147483647,NULL,78,'2013-08-06 11:52:44','2013-08-06 11:52:44'),(79,'fahad',301,NULL,79,'2013-08-06 11:52:44','2013-08-06 11:52:44'),(80,'Asad khan',2147483647,NULL,80,'2013-08-06 11:52:45','2013-08-06 11:52:45'),(81,'Asad khan',2147483647,NULL,81,'2013-08-06 11:52:45','2013-08-06 11:52:45'),(82,'Adnan',2147483647,'1978-02-10',82,'2013-08-06 11:52:45','2013-08-06 11:52:45'),(83,'M Imran hussain',2147483647,'1978-02-04',83,'2013-08-06 11:52:45','2013-08-06 11:52:45'),(84,'danish',2147483647,'1985-12-11',84,'2013-08-06 11:52:46','2013-08-06 11:52:46'),(85,'imran',2147483647,NULL,85,'2013-08-06 11:52:46','2013-08-06 11:52:46'),(86,'Asghar sheikh',2147483647,'1984-01-06',86,'2013-08-06 11:52:46','2013-08-06 11:52:46'),(87,'khalid',2147483647,NULL,87,'2013-08-06 11:52:46','2013-08-06 11:52:46'),(88,'RAHIM LALANI',2147483647,'1980-02-20',88,'2013-08-06 11:52:47','2013-08-06 11:52:47'),(89,NULL,NULL,NULL,89,'2013-08-06 11:52:47','2013-08-06 11:52:47'),(90,NULL,NULL,NULL,90,'2013-08-06 11:52:48','2013-08-06 11:52:48'),(91,'Bilal Munir',2147483647,'1985-05-27',91,'2013-08-06 11:52:48','2013-08-06 11:52:48'),(92,'UMAIR',2147483647,'1979-06-06',92,'2013-08-06 11:52:48','2013-08-06 11:52:48'),(93,'M.ANEES',2147483647,NULL,93,'2013-08-06 11:52:49','2013-08-06 11:52:49'),(94,'Shiraz',2147483647,NULL,94,'2013-08-06 11:52:49','2013-08-06 11:52:49'),(95,'Sajjad Yunus',2147483647,'1974-05-20',95,'2013-08-06 11:52:49','2013-08-06 11:52:49'),(96,'abdul karim',2147483647,NULL,96,'2013-08-06 11:52:49','2013-08-06 11:52:49'),(97,'MUZAMMIL',2147483647,'1986-08-04',97,'2013-08-06 11:52:50','2013-08-06 11:52:50'),(98,'Mr Islam',302,'2005-05-17',98,'2013-08-06 11:52:50','2013-08-06 11:52:50'),(99,'Malik Nadeem',300,'1971-09-04',99,'2013-08-06 11:52:50','2013-08-06 11:52:50'),(100,'Mr Rahat',312,'1981-01-10',100,'2013-08-06 11:52:50','2013-08-06 11:52:50'),(101,'Hamza Jamshed',321,NULL,101,'2013-08-06 11:52:51','2013-08-06 11:52:51'),(102,'Mr Sajjad',321,'1983-01-09',102,'2013-08-06 11:52:51','2013-08-06 11:52:51'),(103,'MR Imran',323,'1978-06-17',103,'2013-08-06 11:52:51','2013-08-06 11:52:51'),(104,'Mr Zahid',321,'1985-05-12',104,'2013-08-06 11:52:51','2013-08-06 11:52:51'),(105,'M.Shahid',321,'1974-01-08',105,'2013-08-06 11:52:52','2013-08-06 11:52:52'),(106,'Khawaja Asif',324,NULL,106,'2013-08-06 11:52:52','2013-08-06 11:52:52'),(107,'Waqas farooq',321,'1983-04-08',107,'2013-08-06 11:52:52','2013-08-06 11:52:52'),(108,'Irfan',344,'1980-11-03',108,'2013-08-06 11:52:52','2013-08-06 11:52:52'),(109,'N/A',0,NULL,109,'2013-08-06 11:52:52','2013-08-06 11:52:52'),(110,'N/A',0,NULL,110,'2013-08-06 11:52:53','2013-08-06 11:52:53'),(111,'N/A',0,NULL,111,'2013-08-06 11:52:53','2013-08-06 11:52:53'),(112,'N/A',0,NULL,112,'2013-08-06 11:52:53','2013-08-06 11:52:53'),(113,'N/A',0,NULL,113,'2013-08-06 11:52:53','2013-08-06 11:52:53'),(114,'N/A',0,NULL,114,'2013-08-06 11:52:54','2013-08-06 11:52:54'),(115,'N/A',0,NULL,115,'2013-08-06 11:52:54','2013-08-06 11:52:54'),(116,'N/A',0,NULL,116,'2013-08-06 11:52:54','2013-08-06 11:52:54'),(117,'N/A',0,NULL,117,'2013-08-06 11:52:54','2013-08-06 11:52:54'),(118,'N/A',0,NULL,118,'2013-08-06 11:52:55','2013-08-06 11:52:55'),(119,'M.Hafeez',0,NULL,119,'2013-08-06 11:52:55','2013-08-06 11:52:55'),(120,'Malik Sharif',0,'1968-12-09',120,'2013-08-06 11:52:55','2013-08-06 11:52:55'),(121,'Sheikh Naeem',301,'1962-01-04',121,'2013-08-06 11:52:55','2013-08-06 11:52:55'),(122,'M.Waqas',323,'1986-10-05',122,'2013-08-06 11:52:56','2013-08-06 11:52:56'),(123,'Omer',322,'1984-09-11',123,'2013-08-06 11:52:56','2013-08-06 11:52:56'),(124,'Wasif Shah',300,NULL,124,'2013-08-06 11:52:56','2013-08-06 11:52:56'),(125,'Nadeem',300,NULL,125,'2013-08-06 11:52:56','2013-08-06 11:52:56'),(126,'Rehman Mahmood',300,NULL,126,'2013-08-06 11:52:57','2013-08-06 11:52:57'),(127,'Mian Shabir',300,'1972-05-16',127,'2013-08-06 11:52:57','2013-08-06 11:52:57'),(128,'Faisal',322,'1989-06-10',128,'2013-08-06 11:52:57','2013-08-06 11:52:57'),(129,'N/A',0,NULL,129,'2013-08-06 11:52:58','2013-08-06 11:52:58'),(130,'N/A',0,NULL,130,'2013-08-06 11:52:58','2013-08-06 11:52:58'),(131,'Nadeem Yousaf',2147483647,'1992-06-15',131,'2013-08-06 11:52:58','2013-08-06 11:52:58'),(132,'Rana Aleem',321,'1983-02-24',132,'2013-08-06 11:52:59','2013-08-06 11:52:59'),(133,'Mohammad Irfan',321,'1987-07-08',133,'2013-08-06 11:52:59','2013-08-06 11:52:59'),(134,'Yasir Ali ',300,'1977-05-29',134,'2013-08-06 11:53:00','2013-08-06 11:53:00');
/*!40000 ALTER TABLE `managers` ENABLE KEYS */;
UNLOCK TABLES;

--
-- Table structure for table `owners`
--

DROP TABLE IF EXISTS `owners`;
/*!40101 SET @saved_cs_client     = @@character_set_client */;
/*!40101 SET character_set_client = utf8 */;
CREATE TABLE `owners` (
  `id` int(11) NOT NULL AUTO_INCREMENT,
  `name` varchar(255) COLLATE utf8_unicode_ci DEFAULT NULL,
  `cell_number` int(11) DEFAULT NULL,
  `dob` date DEFAULT NULL,
  `shop_id` int(11) DEFAULT NULL,
  `created_at` datetime NOT NULL,
  `updated_at` datetime NOT NULL,
  PRIMARY KEY (`id`)
) ENGINE=InnoDB AUTO_INCREMENT=135 DEFAULT CHARSET=utf8 COLLATE=utf8_unicode_ci;
/*!40101 SET character_set_client = @saved_cs_client */;

--
-- Dumping data for table `owners`
--

LOCK TABLES `owners` WRITE;
/*!40000 ALTER TABLE `owners` DISABLE KEYS */;
INSERT INTO `owners` VALUES (1,'',NULL,NULL,1,'2013-07-22 10:43:41','2013-07-22 10:43:41'),(69,'Fahad',2147483647,'1985-05-06',69,'2013-08-06 11:52:41','2013-08-06 11:52:41'),(70,'Shahid',2147483647,'1973-07-27',70,'2013-08-06 11:52:41','2013-08-06 11:52:41'),(71,'ABDUL SAMI',2147483647,'1976-08-26',71,'2013-08-06 11:52:42','2013-08-06 11:52:42'),(72,'Faisal',2147483647,'1972-03-24',72,'2013-08-06 11:52:42','2013-08-06 11:52:42'),(73,'Faisal',2147483647,'1972-03-24',73,'2013-08-06 11:52:42','2013-08-06 11:52:42'),(74,'Inayat',2147483647,'1969-11-10',74,'2013-08-06 11:52:42','2013-08-06 11:52:42'),(75,'FAHAD',2147483647,'1985-06-05',75,'2013-08-06 11:52:43','2013-08-06 11:52:43'),(76,'Farhan',2147483647,'1977-03-23',76,'2013-08-06 11:52:43','2013-08-06 11:52:43'),(77,'M.ULLAH KHAN',2147483647,'1966-01-11',77,'2013-08-06 11:52:43','2013-08-06 11:52:43'),(78,'M.ULLAH KHAN',2147483647,'1966-01-11',78,'2013-08-06 11:52:44','2013-08-06 11:52:44'),(79,'Fahad bin abdul hameed',301,NULL,79,'2013-08-06 11:52:44','2013-08-06 11:52:44'),(80,'Atif sagheer',2147483647,'1982-09-23',80,'2013-08-06 11:52:45','2013-08-06 11:52:45'),(81,'Atif sagheer',2147483647,'1982-09-23',81,'2013-08-06 11:52:45','2013-08-06 11:52:45'),(82,'Adnan',2147483647,'1978-02-10',82,'2013-08-06 11:52:45','2013-08-06 11:52:45'),(83,'Sajid masood',2147483647,NULL,83,'2013-08-06 11:52:45','2013-08-06 11:52:45'),(84,'Rafi Ahmad',322215996,'1947-01-01',84,'2013-08-06 11:52:46','2013-08-06 11:52:46'),(85,'Sajid',2147483647,NULL,85,'2013-08-06 11:52:46','2013-08-06 11:52:46'),(86,NULL,NULL,NULL,86,'2013-08-06 11:52:46','2013-08-06 11:52:46'),(87,'Rashid',2147483647,'1974-02-14',87,'2013-08-06 11:52:46','2013-08-06 11:52:46'),(88,'RAHIM LALANI',2147483647,'1980-02-20',88,'2013-08-06 11:52:47','2013-08-06 11:52:47'),(89,'Mansoor ',2147483647,NULL,89,'2013-08-06 11:52:47','2013-08-06 11:52:47'),(90,'Mansoor ',2147483647,NULL,90,'2013-08-06 11:52:48','2013-08-06 11:52:48'),(91,'Bilal Munir',2147483647,'1985-05-27',91,'2013-08-06 11:52:48','2013-08-06 11:52:48'),(92,'UMAIR',2147483647,'1979-06-06',92,'2013-08-06 11:52:48','2013-08-06 11:52:48'),(93,'M.ANEES',2147483647,NULL,93,'2013-08-06 11:52:49','2013-08-06 11:52:49'),(94,'Shiraz',2147483647,NULL,94,'2013-08-06 11:52:49','2013-08-06 11:52:49'),(95,'Sajjad Yunus',2147483647,'1974-05-20',95,'2013-08-06 11:52:49','2013-08-06 11:52:49'),(96,'Muhammad saad',2147483647,NULL,96,'2013-08-06 11:52:49','2013-08-06 11:52:49'),(97,'ABDUL QADIR JILLANI',2147483647,NULL,97,'2013-08-06 11:52:50','2013-08-06 11:52:50'),(98,'Ahmed Javaid',300,NULL,98,'2013-08-06 11:52:50','2013-08-06 11:52:50'),(99,'N/A',0,NULL,99,'2013-08-06 11:52:50','2013-08-06 11:52:50'),(100,'Sh.Farooq Inam',300,NULL,100,'2013-08-06 11:52:50','2013-08-06 11:52:50'),(101,'Sheikh Jamshed',300,'1958-08-08',101,'2013-08-06 11:52:51','2013-08-06 11:52:51'),(102,'Mohsin Zahoor',321,'1983-09-04',102,'2013-08-06 11:52:51','2013-08-06 11:52:51'),(103,'Mr Ayaz',321,NULL,103,'2013-08-06 11:52:51','2013-08-06 11:52:51'),(104,'Mr Zahid',321,'1985-05-12',104,'2013-08-06 11:52:51','2013-08-06 11:52:51'),(105,'Sh.Khurram',300,NULL,105,'2013-08-06 11:52:52','2013-08-06 11:52:52'),(106,'Aftab Ahmed chattha',300,'1969-05-02',106,'2013-08-06 11:52:52','2013-08-06 11:52:52'),(107,'N/A',0,NULL,107,'2013-08-06 11:52:52','2013-08-06 11:52:52'),(108,'N/A',0,NULL,108,'2013-08-06 11:52:52','2013-08-06 11:52:52'),(109,'Zaheer butt',321,'1957-01-03',109,'2013-08-06 11:52:52','2013-08-06 11:52:52'),(110,'Arshad',320,'1989-09-10',110,'2013-08-06 11:52:53','2013-08-06 11:52:53'),(111,'Masood Baig',331,'1976-12-22',111,'2013-08-06 11:52:53','2013-08-06 11:52:53'),(112,'Gulzar ',301,'1963-02-05',112,'2013-08-06 11:52:53','2013-08-06 11:52:53'),(113,'Khalid Rasheed',333,NULL,113,'2013-08-06 11:52:53','2013-08-06 11:52:53'),(114,'Khalid Rasheed',333,NULL,114,'2013-08-06 11:52:54','2013-08-06 11:52:54'),(115,'Sohail A shiekh',300,'1972-05-11',115,'2013-08-06 11:52:54','2013-08-06 11:52:54'),(116,'Kamran ',300,'1974-12-08',116,'2013-08-06 11:52:54','2013-08-06 11:52:54'),(117,'Khalid',300,'1956-01-01',117,'2013-08-06 11:52:54','2013-08-06 11:52:54'),(118,'Tauheed Ahmad',300,'1971-10-17',118,'2013-08-06 11:52:55','2013-08-06 11:52:55'),(119,'M.Hafeez',0,NULL,119,'2013-08-06 11:52:55','2013-08-06 11:52:55'),(120,'Malik Sharif',0,'1968-12-09',120,'2013-08-06 11:52:55','2013-08-06 11:52:55'),(121,'Mr.Bilal haider',333,NULL,121,'2013-08-06 11:52:55','2013-08-06 11:52:55'),(122,'Mr.Tauseef',321,NULL,122,'2013-08-06 11:52:56','2013-08-06 11:52:56'),(123,'N/A',0,NULL,123,'2013-08-06 11:52:56','2013-08-06 11:52:56'),(124,'Mr.Talha',324,'1993-08-29',124,'2013-08-06 11:52:56','2013-08-06 11:52:56'),(125,'N/A',0,NULL,125,'2013-08-06 11:52:56','2013-08-06 11:52:56'),(126,'Mr.Shahid Yousaf',300,NULL,126,'2013-08-06 11:52:57','2013-08-06 11:52:57'),(127,'Mr.Masooq Sajid',321,NULL,127,'2013-08-06 11:52:57','2013-08-06 11:52:57'),(128,'Rana Khurram',321,NULL,128,'2013-08-06 11:52:57','2013-08-06 11:52:57'),(129,'Mr.Tahir',322,NULL,129,'2013-08-06 11:52:58','2013-08-06 11:52:58'),(130,'Mr.Nabeel Tanveer',321,'1985-09-23',130,'2013-08-06 11:52:58','2013-08-06 11:52:58'),(131,'Mr.Hamza',322,'1988-01-06',131,'2013-08-06 11:52:58','2013-08-06 11:52:58'),(132,'Mr.Khurram',321,NULL,132,'2013-08-06 11:52:59','2013-08-06 11:52:59'),(133,'Mr.Ahmad Nadeem',423,NULL,133,'2013-08-06 11:52:59','2013-08-06 11:52:59'),(134,'Mr.Asim Azeez',300,'1974-06-12',134,'2013-08-06 11:53:00','2013-08-06 11:53:00');
/*!40000 ALTER TABLE `owners` ENABLE KEYS */;
UNLOCK TABLES;

--
-- Table structure for table `product_categories`
--

DROP TABLE IF EXISTS `product_categories`;
/*!40101 SET @saved_cs_client     = @@character_set_client */;
/*!40101 SET character_set_client = utf8 */;
CREATE TABLE `product_categories` (
  `id` int(11) NOT NULL AUTO_INCREMENT,
  `name` varchar(255) COLLATE utf8_unicode_ci DEFAULT NULL,
  `created_at` datetime NOT NULL,
  `updated_at` datetime NOT NULL,
  PRIMARY KEY (`id`)
) ENGINE=InnoDB AUTO_INCREMENT=11 DEFAULT CHARSET=utf8 COLLATE=utf8_unicode_ci;
/*!40101 SET character_set_client = @saved_cs_client */;

--
-- Dumping data for table `product_categories`
--

LOCK TABLES `product_categories` WRITE;
/*!40000 ALTER TABLE `product_categories` DISABLE KEYS */;
INSERT INTO `product_categories` VALUES (4,'Air Conditioner','2013-08-06 11:51:58','2013-08-06 11:51:58'),(5,'Microwave Oven','2013-08-06 11:51:58','2013-08-06 11:51:58'),(6,'Refrigerator','2013-08-06 11:51:58','2013-08-06 11:51:58'),(7,'Vacuum Cleaner','2013-08-06 11:51:58','2013-08-06 11:51:58'),(8,'Washing Machine','2013-08-06 11:51:58','2013-08-06 11:51:58'),(9,'Water Dispenser','2013-08-06 11:51:58','2013-08-06 11:51:58'),(10,'Television','2013-08-06 11:52:54','2013-08-06 11:52:54');
/*!40000 ALTER TABLE `product_categories` ENABLE KEYS */;
UNLOCK TABLES;

--
-- Table structure for table `products`
--

DROP TABLE IF EXISTS `products`;
/*!40101 SET @saved_cs_client     = @@character_set_client */;
/*!40101 SET character_set_client = utf8 */;
CREATE TABLE `products` (
  `id` int(11) NOT NULL AUTO_INCREMENT,
  `name` varchar(255) COLLATE utf8_unicode_ci DEFAULT NULL,
  `info` varchar(255) COLLATE utf8_unicode_ci DEFAULT NULL,
  `created_at` datetime NOT NULL,
  `updated_at` datetime NOT NULL,
  `product_category_id` int(11) DEFAULT NULL,
  PRIMARY KEY (`id`)
) ENGINE=InnoDB AUTO_INCREMENT=13 DEFAULT CHARSET=utf8 COLLATE=utf8_unicode_ci;
/*!40101 SET character_set_client = @saved_cs_client */;

--
-- Dumping data for table `products`
--

LOCK TABLES `products` WRITE;
/*!40000 ALTER TABLE `products` DISABLE KEYS */;
INSERT INTO `products` VALUES (10,'LCD','','2013-08-06 11:51:58','2013-08-06 11:53:11',10),(11,'LED','','2013-08-06 11:51:58','2013-08-06 11:53:37',10),(12,'PDP','','2013-08-06 11:51:58','2013-08-06 11:53:48',10);
/*!40000 ALTER TABLE `products` ENABLE KEYS */;
UNLOCK TABLES;

--
-- Table structure for table `rails_admin_histories`
--

DROP TABLE IF EXISTS `rails_admin_histories`;
/*!40101 SET @saved_cs_client     = @@character_set_client */;
/*!40101 SET character_set_client = utf8 */;
CREATE TABLE `rails_admin_histories` (
  `id` int(11) NOT NULL AUTO_INCREMENT,
  `message` text COLLATE utf8_unicode_ci,
  `username` varchar(255) COLLATE utf8_unicode_ci DEFAULT NULL,
  `item` int(11) DEFAULT NULL,
  `table` varchar(255) COLLATE utf8_unicode_ci DEFAULT NULL,
  `month` smallint(6) DEFAULT NULL,
  `year` bigint(20) DEFAULT NULL,
  `created_at` datetime NOT NULL,
  `updated_at` datetime NOT NULL,
  PRIMARY KEY (`id`),
  KEY `index_rails_admin_histories` (`item`,`table`,`month`,`year`)
) ENGINE=InnoDB DEFAULT CHARSET=utf8 COLLATE=utf8_unicode_ci;
/*!40101 SET character_set_client = @saved_cs_client */;

--
-- Dumping data for table `rails_admin_histories`
--

LOCK TABLES `rails_admin_histories` WRITE;
/*!40000 ALTER TABLE `rails_admin_histories` DISABLE KEYS */;
/*!40000 ALTER TABLE `rails_admin_histories` ENABLE KEYS */;
UNLOCK TABLES;

--
-- Table structure for table `report_lines`
--

DROP TABLE IF EXISTS `report_lines`;
/*!40101 SET @saved_cs_client     = @@character_set_client */;
/*!40101 SET character_set_client = utf8 */;
CREATE TABLE `report_lines` (
  `id` int(11) NOT NULL AUTO_INCREMENT,
  `report_id` int(11) DEFAULT NULL,
  `product_id` int(11) DEFAULT NULL,
  `brand_id` int(11) DEFAULT NULL,
  `data` int(11) DEFAULT NULL,
  `created_at` datetime NOT NULL,
  `updated_at` datetime NOT NULL,
  `product_category_id` int(11) DEFAULT NULL,
  PRIMARY KEY (`id`)
) ENGINE=InnoDB AUTO_INCREMENT=15241 DEFAULT CHARSET=utf8 COLLATE=utf8_unicode_ci;
/*!40101 SET character_set_client = @saved_cs_client */;

--
-- Dumping data for table `report_lines`
--

LOCK TABLES `report_lines` WRITE;
/*!40000 ALTER TABLE `report_lines` DISABLE KEYS */;
INSERT INTO `report_lines` VALUES (15199,402,NULL,49,3,'2013-09-19 07:34:03','2013-09-19 07:34:03',4),(15200,402,NULL,53,3,'2013-09-19 07:34:03','2013-09-19 07:34:03',4),(15201,402,NULL,44,4,'2013-09-19 07:34:03','2013-09-19 07:34:03',4),(15202,402,NULL,41,4,'2013-09-19 07:34:03','2013-09-19 07:34:03',4),(15203,402,NULL,54,5,'2013-09-19 07:34:03','2013-09-19 07:34:03',4),(15204,402,NULL,47,8,'2013-09-19 07:34:03','2013-09-19 07:34:03',4),(15205,402,NULL,48,8,'2013-09-19 07:34:03','2013-09-19 07:34:03',4),(15206,402,NULL,45,9,'2013-09-19 07:34:03','2013-09-19 07:34:03',4),(15207,402,NULL,46,6,'2013-09-19 07:34:03','2013-09-19 07:34:03',4),(15208,402,NULL,39,2,'2013-09-19 07:34:03','2013-09-19 07:34:03',4),(15209,402,NULL,51,8,'2013-09-19 07:34:03','2013-09-19 07:34:03',4),(15210,402,NULL,40,4,'2013-09-19 07:34:03','2013-09-19 07:34:03',4),(15211,402,NULL,52,6,'2013-09-19 07:34:03','2013-09-19 07:34:03',4),(15212,402,NULL,37,1,'2013-09-19 07:34:03','2013-09-19 07:34:03',4),(15213,403,NULL,49,9,'2013-09-19 07:34:03','2013-09-19 07:34:03',4),(15214,403,NULL,53,9,'2013-09-19 07:34:03','2013-09-19 07:34:03',4),(15215,403,NULL,44,55,'2013-09-19 07:34:03','2013-09-19 07:34:03',4),(15216,403,NULL,41,645,'2013-09-19 07:34:03','2013-09-19 07:34:03',4),(15217,403,NULL,54,542,'2013-09-19 07:34:03','2013-09-19 07:34:03',4),(15218,403,NULL,47,321,'2013-09-19 07:34:03','2013-09-19 07:34:03',4),(15219,403,NULL,48,321,'2013-09-19 07:34:03','2013-09-19 07:34:03',4),(15220,403,NULL,45,321,'2013-09-19 07:34:03','2013-09-19 07:34:03',4),(15221,403,NULL,46,21,'2013-09-19 07:34:03','2013-09-19 07:34:03',4),(15222,403,NULL,39,21,'2013-09-19 07:34:03','2013-09-19 07:34:03',4),(15223,403,NULL,51,32,'2013-09-19 07:34:03','2013-09-19 07:34:03',4),(15224,403,NULL,40,312,'2013-09-19 07:34:03','2013-09-19 07:34:03',4),(15225,403,NULL,52,32,'2013-09-19 07:34:03','2013-09-19 07:34:03',4),(15226,403,NULL,37,321,'2013-09-19 07:34:03','2013-09-19 07:34:03',4),(15227,404,NULL,49,1,'2013-09-19 07:34:06','2013-09-19 07:34:06',4),(15228,404,NULL,53,0,'2013-09-19 07:34:06','2013-09-19 07:34:06',4),(15229,404,NULL,44,1,'2013-09-19 07:34:06','2013-09-19 07:34:06',4),(15230,404,NULL,41,0,'2013-09-19 07:34:06','2013-09-19 07:34:06',4),(15231,404,NULL,54,0,'2013-09-19 07:34:06','2013-09-19 07:34:06',4),(15232,404,NULL,47,0,'2013-09-19 07:34:06','2013-09-19 07:34:06',4),(15233,404,NULL,48,0,'2013-09-19 07:34:06','2013-09-19 07:34:06',4),(15234,404,NULL,45,0,'2013-09-19 07:34:06','2013-09-19 07:34:06',4),(15235,404,NULL,46,0,'2013-09-19 07:34:06','2013-09-19 07:34:06',4),(15236,404,NULL,39,0,'2013-09-19 07:34:06','2013-09-19 07:34:06',4),(15237,404,NULL,51,0,'2013-09-19 07:34:06','2013-09-19 07:34:06',4),(15238,404,NULL,40,0,'2013-09-19 07:34:06','2013-09-19 07:34:06',4),(15239,404,NULL,52,0,'2013-09-19 07:34:06','2013-09-19 07:34:06',4),(15240,404,NULL,37,0,'2013-09-19 07:34:06','2013-09-19 07:34:06',4);
/*!40000 ALTER TABLE `report_lines` ENABLE KEYS */;
UNLOCK TABLES;

--
-- Table structure for table `reports`
--

DROP TABLE IF EXISTS `reports`;
/*!40101 SET @saved_cs_client     = @@character_set_client */;
/*!40101 SET character_set_client = utf8 */;
CREATE TABLE `reports` (
  `id` int(11) NOT NULL AUTO_INCREMENT,
  `shop_id` int(11) DEFAULT NULL,
  `user_id` int(11) DEFAULT NULL,
  `report_type` varchar(255) COLLATE utf8_unicode_ci DEFAULT NULL,
  `data` text COLLATE utf8_unicode_ci,
  `created_at` datetime NOT NULL,
  `updated_at` datetime NOT NULL,
  `week` int(11) DEFAULT NULL,
  `year` int(11) DEFAULT NULL,
  PRIMARY KEY (`id`)
) ENGINE=InnoDB AUTO_INCREMENT=405 DEFAULT CHARSET=utf8 COLLATE=utf8_unicode_ci;
/*!40101 SET character_set_client = @saved_cs_client */;

--
-- Dumping data for table `reports`
--

LOCK TABLES `reports` WRITE;
/*!40000 ALTER TABLE `reports` DISABLE KEYS */;
INSERT INTO `reports` VALUES (402,69,11,'display',NULL,'2013-09-19 07:34:03','2013-09-19 07:34:03',38,2013),(403,69,11,'sales',NULL,'2013-09-19 07:34:03','2013-09-19 07:34:03',38,2013),(404,69,11,'display_corner',NULL,'2013-09-19 07:34:06','2013-09-19 07:34:06',38,2013);
/*!40000 ALTER TABLE `reports` ENABLE KEYS */;
UNLOCK TABLES;

--
-- Table structure for table `roles`
--

DROP TABLE IF EXISTS `roles`;
/*!40101 SET @saved_cs_client     = @@character_set_client */;
/*!40101 SET character_set_client = utf8 */;
CREATE TABLE `roles` (
  `id` int(11) NOT NULL AUTO_INCREMENT,
  `name` varchar(255) COLLATE utf8_unicode_ci DEFAULT NULL,
  `symbol` varchar(255) COLLATE utf8_unicode_ci DEFAULT NULL,
  `notes` text COLLATE utf8_unicode_ci,
  `action` varchar(255) COLLATE utf8_unicode_ci DEFAULT NULL,
  `entity` varchar(255) COLLATE utf8_unicode_ci DEFAULT NULL,
  `created_at` datetime NOT NULL,
  `updated_at` datetime NOT NULL,
  PRIMARY KEY (`id`)
) ENGINE=InnoDB AUTO_INCREMENT=5 DEFAULT CHARSET=utf8 COLLATE=utf8_unicode_ci;
/*!40101 SET character_set_client = @saved_cs_client */;

--
-- Dumping data for table `roles`
--

LOCK TABLES `roles` WRITE;
/*!40000 ALTER TABLE `roles` DISABLE KEYS */;
INSERT INTO `roles` VALUES (2,'Read Task','read_task','n/a','read','Task','2013-09-18 20:39:11','2013-09-18 21:02:23'),(3,'Read Shop','read_shop','n/a','read','Shop','2013-09-18 21:03:07','2013-09-18 21:03:07'),(4,'Create Report','create_report','Employee can create report of assigned shops','create','Report','2013-09-19 06:31:14','2013-09-19 06:31:14');
/*!40000 ALTER TABLE `roles` ENABLE KEYS */;
UNLOCK TABLES;

--
-- Table structure for table `roles_user_types`
--

DROP TABLE IF EXISTS `roles_user_types`;
/*!40101 SET @saved_cs_client     = @@character_set_client */;
/*!40101 SET character_set_client = utf8 */;
CREATE TABLE `roles_user_types` (
  `id` int(11) NOT NULL AUTO_INCREMENT,
  `user_type_id` int(11) DEFAULT NULL,
  `role_id` int(11) DEFAULT NULL,
  `created_at` datetime NOT NULL,
  `updated_at` datetime NOT NULL,
  PRIMARY KEY (`id`)
) ENGINE=InnoDB AUTO_INCREMENT=6 DEFAULT CHARSET=utf8 COLLATE=utf8_unicode_ci;
/*!40101 SET character_set_client = @saved_cs_client */;

--
-- Dumping data for table `roles_user_types`
--

LOCK TABLES `roles_user_types` WRITE;
/*!40000 ALTER TABLE `roles_user_types` DISABLE KEYS */;
INSERT INTO `roles_user_types` VALUES (3,3,4,'0000-00-00 00:00:00','0000-00-00 00:00:00'),(4,3,3,'0000-00-00 00:00:00','0000-00-00 00:00:00'),(5,3,2,'0000-00-00 00:00:00','0000-00-00 00:00:00');
/*!40000 ALTER TABLE `roles_user_types` ENABLE KEYS */;
UNLOCK TABLES;

--
-- Table structure for table `roles_users`
--

DROP TABLE IF EXISTS `roles_users`;
/*!40101 SET @saved_cs_client     = @@character_set_client */;
/*!40101 SET character_set_client = utf8 */;
CREATE TABLE `roles_users` (
  `id` int(11) NOT NULL AUTO_INCREMENT,
  `user_id` int(11) DEFAULT NULL,
  `role_id` int(11) DEFAULT NULL,
  `created_at` datetime NOT NULL,
  `updated_at` datetime NOT NULL,
  PRIMARY KEY (`id`)
) ENGINE=InnoDB DEFAULT CHARSET=utf8 COLLATE=utf8_unicode_ci;
/*!40101 SET character_set_client = @saved_cs_client */;

--
-- Dumping data for table `roles_users`
--

LOCK TABLES `roles_users` WRITE;
/*!40000 ALTER TABLE `roles_users` DISABLE KEYS */;
/*!40000 ALTER TABLE `roles_users` ENABLE KEYS */;
UNLOCK TABLES;

--
-- Table structure for table `schema_migrations`
--

DROP TABLE IF EXISTS `schema_migrations`;
/*!40101 SET @saved_cs_client     = @@character_set_client */;
/*!40101 SET character_set_client = utf8 */;
CREATE TABLE `schema_migrations` (
  `version` varchar(255) COLLATE utf8_unicode_ci NOT NULL,
  UNIQUE KEY `unique_schema_migrations` (`version`)
) ENGINE=InnoDB DEFAULT CHARSET=utf8 COLLATE=utf8_unicode_ci;
/*!40101 SET character_set_client = @saved_cs_client */;

--
-- Dumping data for table `schema_migrations`
--

LOCK TABLES `schema_migrations` WRITE;
/*!40000 ALTER TABLE `schema_migrations` DISABLE KEYS */;
INSERT INTO `schema_migrations` VALUES ('20130719162249'),('20130719162511'),('20130719165221'),('20130719165254'),('20130719165307'),('20130719165342'),('20130719172813'),('20130722063557'),('20130723131746'),('20130723162718'),('20130724054419'),('20130724054503'),('20130724055552'),('20130724100951'),('20130726040419'),('20130729053850'),('20130730090950'),('20130730091144'),('20130730123011'),('20130801081003'),('20130801084331'),('20130801105911'),('20130802194030'),('20130804080923'),('20130804214918'),('20130812072009'),('20130812072509'),('20130823151126'),('20130823194253'),('20130823205709'),('20130823205743'),('20130823220115'),('20130823233858'),('20130830141009'),('20130830141050'),('20130903112923'),('20130905121002');
/*!40000 ALTER TABLE `schema_migrations` ENABLE KEYS */;
UNLOCK TABLES;

--
-- Table structure for table `shop_categories`
--

DROP TABLE IF EXISTS `shop_categories`;
/*!40101 SET @saved_cs_client     = @@character_set_client */;
/*!40101 SET character_set_client = utf8 */;
CREATE TABLE `shop_categories` (
  `id` int(11) NOT NULL AUTO_INCREMENT,
  `name` varchar(255) COLLATE utf8_unicode_ci DEFAULT NULL,
  `created_at` datetime NOT NULL,
  `updated_at` datetime NOT NULL,
  PRIMARY KEY (`id`)
) ENGINE=InnoDB AUTO_INCREMENT=32 DEFAULT CHARSET=utf8 COLLATE=utf8_unicode_ci;
/*!40101 SET character_set_client = @saved_cs_client */;

--
-- Dumping data for table `shop_categories`
--

LOCK TABLES `shop_categories` WRITE;
/*!40000 ALTER TABLE `shop_categories` DISABLE KEYS */;
INSERT INTO `shop_categories` VALUES (17,'Dawlance Exclusive','2013-08-06 11:51:58','2013-08-06 11:51:58'),(18,'Dawlance USL','2013-08-06 11:51:58','2013-08-06 11:51:58'),(19,'Haier Exclusive','2013-08-06 11:51:58','2013-08-06 11:51:58'),(20,'LG Concept Shop','2013-08-06 11:51:58','2013-08-06 11:51:58'),(21,'Multi Brand Shop','2013-08-06 11:51:58','2013-08-06 11:51:58'),(22,'Orient Center','2013-08-06 11:51:58','2013-08-06 11:51:58'),(23,'Orient Exclusive','2013-08-06 11:51:58','2013-08-06 11:51:58'),(24,'PEL Exclusive','2013-08-06 11:51:58','2013-08-06 11:51:58'),(25,'Ruba Digital','2013-08-06 11:51:58','2013-08-06 11:51:58'),(26,'Samsung Brand Shop','2013-08-06 11:51:58','2013-08-06 11:51:58'),(27,'Samsung Concept Shop','2013-08-06 11:51:58','2013-08-06 11:51:58'),(28,'Seasonal Electronics Shop','2013-08-06 11:51:58','2013-08-06 11:51:58'),(29,'Singer Plus','2013-08-06 11:51:58','2013-08-06 11:51:58'),(30,'Sony Center','2013-08-06 11:51:58','2013-08-06 11:51:58'),(31,'Sony World','2013-08-06 11:51:58','2013-08-06 11:51:58');
/*!40000 ALTER TABLE `shop_categories` ENABLE KEYS */;
UNLOCK TABLES;

--
-- Table structure for table `shops`
--

DROP TABLE IF EXISTS `shops`;
/*!40101 SET @saved_cs_client     = @@character_set_client */;
/*!40101 SET character_set_client = utf8 */;
CREATE TABLE `shops` (
  `id` int(11) NOT NULL AUTO_INCREMENT,
  `dealer_name` varchar(255) COLLATE utf8_unicode_ci DEFAULT NULL,
  `phone` int(11) DEFAULT NULL,
  `website` varchar(255) COLLATE utf8_unicode_ci DEFAULT NULL,
  `email` varchar(255) COLLATE utf8_unicode_ci DEFAULT NULL,
  `address` varchar(255) COLLATE utf8_unicode_ci DEFAULT NULL,
  `shop_category_id` int(11) DEFAULT NULL,
  `location_id` int(11) DEFAULT NULL,
  `created_at` datetime NOT NULL,
  `updated_at` datetime NOT NULL,
  `dealer_id` int(11) DEFAULT NULL,
  `orient_dealer` tinyint(1) DEFAULT '0',
  PRIMARY KEY (`id`)
) ENGINE=InnoDB AUTO_INCREMENT=135 DEFAULT CHARSET=utf8 COLLATE=utf8_unicode_ci;
/*!40101 SET character_set_client = @saved_cs_client */;

--
-- Dumping data for table `shops`
--

LOCK TABLES `shops` WRITE;
/*!40000 ALTER TABLE `shops` DISABLE KEYS */;
INSERT INTO `shops` VALUES (69,'Al-haram electro&gas',345,NULL,NULL,'uk plaza near arshi shopping mall block-7 f.b area',21,69,'2013-08-06 11:52:41','2013-08-06 11:52:41',1,0),(70,'ASIA HOUSE',36318907,NULL,NULL,'shop#15,al abbas square,block-7,F.B.Area,Karachi,near aisha manzil chowrangi.',21,70,'2013-08-06 11:52:41','2013-08-06 11:52:41',2,1),(71,'Classic Electronics',36316768,NULL,NULL,'Shope no#8 abbas square F.B area block 07',21,71,'2013-08-06 11:52:42','2013-08-06 11:52:42',3,1),(72,'Dolly electronics',36325137,NULL,NULL,'U.K.PLAZA,7A, NEAR AISHA ,MANZIL F.B. AREA',21,72,'2013-08-06 11:52:42','2013-08-06 11:52:42',4,1),(73,'Dolly electronics',36325137,NULL,NULL,'U.K.PLAZA,6A, NEAR AISHA ,MANZIL F.B. AREA',21,73,'2013-08-06 11:52:42','2013-08-06 11:52:42',4,1),(74,'hannan electronics',36321248,NULL,NULL,'shop no 11 abbas square f.b. area block7',21,74,'2013-08-06 11:52:42','2013-08-06 11:52:42',5,1),(75,'Harmain electronics',2147483647,NULL,NULL,'uk plaza near arshi shopping mall block-7 f.b area',21,75,'2013-08-06 11:52:43','2013-08-06 11:52:43',6,1),(76,'Hasan brothers',322,NULL,NULL,'shop no#7A-7B,UK PLAZA,BLOCK-7 square f.b.area block7',21,76,'2013-08-06 11:52:43','2013-08-06 11:52:43',7,1),(77,'HASNAIN ELECTRONICS',36330937,NULL,NULL,'SHOP B-11,BLOCK7,UK PLAZA,FB.area near arshi Shopping center',21,77,'2013-08-06 11:52:43','2013-08-06 11:52:43',8,1),(78,'HASNAIN ELECTRONICS',36312873,NULL,NULL,'A-1/1,Square,block-7,f.b.area,Karachi.',21,78,'2013-08-06 11:52:44','2013-08-06 11:52:44',8,1),(79,'Hassan electronics',36319690,NULL,'fahad_bscs2008@hotmail.com','A-9,block-9,federal B Area, Karachi',21,79,'2013-08-06 11:52:44','2013-08-06 11:52:44',9,0),(80,'Imran Electronics',36328175,NULL,NULL,'shop no#7abbas square f.b.area block7',21,80,'2013-08-06 11:52:45','2013-08-06 11:52:45',10,1),(81,'Imran Electronics',36312876,NULL,NULL,'SHOP NO.C-8,BLOCK-7,UK PLAZA F.B AREA',21,81,'2013-08-06 11:52:45','2013-08-06 11:52:45',10,1),(82,'M.I.K.Electronics',36343217,NULL,'mikelectronics@hotmail.com','shop no 1,2,3 C-32,block-10, aisha manzil Karachi,',21,82,'2013-08-06 11:52:45','2013-08-06 11:52:45',11,1),(83,'MODERN HOME APPLIANCES',36370033,NULL,'m.imran.hu@gmail.com','SHOP B-10 & C10,BLOCK7,UK PLAZA,FB.area near arshi Shopping center',21,83,'2013-08-06 11:52:45','2013-08-06 11:52:45',12,1),(84,'Rafi & Sons',36311094,NULL,NULL,'show room. 4-5,c-s/26,Al-jawed plaza,block-7,f.b.Area,Karachi',21,84,'2013-08-06 11:52:46','2013-08-06 11:52:46',13,1),(85,'Salman Electronics',36371615,NULL,NULL,'shop no#17,Al-abbas square f.b.area block7',21,85,'2013-08-06 11:52:46','2013-08-06 11:52:46',14,1),(86,'SARA ELECTRONICS',36378665,NULL,NULL,'SHOP#10,kashif corner,block-7.bhaijan chowk,f.b.area Karachi',21,86,'2013-08-06 11:52:46','2013-08-06 11:52:46',15,0),(87,'SYNK Electronics brands synergy',36312000,NULL,'enquiry@synk.com.pk','SHOP# A5,B5,D5 UK PLAZA BLOCK-7 F.B.AREA,',21,87,'2013-08-06 11:52:46','2013-08-06 11:52:46',16,0),(88,'KRIZ ELECTRONICS',2147483647,NULL,NULL,'SHOP NO.R-339,BLOCK-19,AL-NOOR,NEAR BANK AL-HABIB,Federal B AREA Karachi',21,88,'2013-08-06 11:52:47','2013-08-06 11:52:47',17,0),(89,'Prime electronics',21,NULL,NULL,'St 4-A-6,block20,al-noor turn,f.b.area Karachi',21,89,'2013-08-06 11:52:47','2013-08-06 11:52:47',18,1),(90,'Prime electronics',2136366428,NULL,NULL,'St4-A-6,block20,alnoor turn,f.b.area Karachi',21,90,'2013-08-06 11:52:48','2013-08-06 11:52:48',18,1),(91,'Marhaba Electronics',34935426,NULL,'marhabakhi@yahoo.com','Alamgir Road, near Subway Bahadurabad, Alamgir Road Shurfabad Signal, Bahadurabad, Karachi.',21,91,'2013-08-06 11:52:48','2013-08-06 11:52:48',19,1),(92,'NEW ELECTROCITY',34921395,NULL,NULL,'SHOP NO 5 MUSTAFA CENTRE,MAIN SHARFABAD CHOWRANGI OPP SAMBA BANK Karachi',21,92,'2013-08-06 11:52:48','2013-08-06 11:52:48',20,0),(93,'Reliable Electronics',34920100,NULL,NULL,'shop no 5,sadiq height almgir road opp.crown public school bhadurabad,Karachi',21,93,'2013-08-06 11:52:49','2013-08-06 11:52:49',21,0),(94,'RUBY ELECTRONICS',4932936,NULL,'marsfun@gmail.com','4&5,AL-ABBAS TERRACE BAHADURABAD,Karachi.',21,94,'2013-08-06 11:52:49','2013-08-06 11:52:49',22,1),(95,'Saudagaran Electronics',34120611,'www.saudagaran.com','sajjad@saudagaran.com','Shop no 6,Al.Haram 2,plot no 91/3,B.M.C.H.S Bahadurabad',21,95,'2013-08-06 11:52:49','2013-08-06 11:52:49',23,1),(96,'SHARP DISPLAY&SALES CENTRE',34893049,NULL,'sharp.dsc.pk@live.com','SHOP # 28,ALAMGIR HEIGHTS,SHARFABAD,Karachi',21,96,'2013-08-06 11:52:49','2013-08-06 11:52:49',24,0),(97,'Top Brands electronics',34284302,NULL,'topbrandselectronics@yahoo.com','SHOP NO.1,PLOT NO.107,ALAMGIR HEIGHT,BMCHS,MAIN ALAMGIR ROAD,SHARFABAD,Karachi.',21,97,'2013-08-06 11:52:50','2013-08-06 11:52:50',25,0),(98,'Affan Electronics',42,'N/A','N/A','Irfan Chamber Tempal Road Lahore',21,98,'2013-08-06 11:52:50','2013-08-06 11:52:50',26,1),(99,'Afzal Electronics',42,'N/A','N/A','Qartaba Chowk Abid Market Lahore',21,99,'2013-08-06 11:52:50','2013-08-06 11:52:50',27,1),(100,'Delite House',42,'www.delite.com.pk','farooqinam@hotmail.com','4-Raja Chamber Queens Road Lahore',21,100,'2013-08-06 11:52:50','2013-08-06 11:52:50',28,0),(101,'Electro  Gallery',42,'N/A','N/A','Irfan Chamber Tempal Road Lahore',21,101,'2013-08-06 11:52:51','2013-08-06 11:52:51',29,1),(102,'Electro Mart',42,'N/A','N/A','30-Abid Market Tempal Road Lahore',21,102,'2013-08-06 11:52:51','2013-08-06 11:52:51',30,1),(103,'Younas Electronics ',42,'N/A','N/A','124/2 Temple Road Lahore',17,103,'2013-08-06 11:52:51','2013-08-06 11:52:51',31,0),(104,'Z.S Electronics',42,'N/A','N/A','9-11 Rehman Chamber Tempal Road Lahore',21,104,'2013-08-06 11:52:51','2013-08-06 11:52:51',30,1),(105,'Zoha Electronics',42,'N/A','N/A','Shop 34 Queen Road Lahore',21,105,'2013-08-06 11:52:52','2013-08-06 11:52:52',32,1),(106,'A.R Electronics',NULL,'N/A','N/A','2-Chenab Block, Allam Iqbal Town, Lahore.',21,106,'2013-08-06 11:52:52','2013-08-06 11:52:52',33,1),(107,'Afzal Electronics',42,'N/A','N/A','Allam Iqbal Town, Saceme Mor, Near Shell Petrol Pump',21,107,'2013-08-06 11:52:52','2013-08-06 11:52:52',27,1),(108,'Qaiser Electronics',NULL,'N/A','N/A','Allam Iqbal Town, Saceme Mor, Near Shell Petrol Pump',21,108,'2013-08-06 11:52:52','2013-08-06 11:52:52',34,1),(109,'Faisal Electric Company',0,'N/A','N/A','Nadra Abbad Badian Road Lahore',21,109,'2013-08-06 11:52:52','2013-08-06 11:52:52',35,1),(110,'Minhaj Traders',42,'N/A','N/A','Nadra Abbad Badian Road Lahore',21,110,'2013-08-06 11:52:53','2013-08-06 11:52:53',36,1),(111,'New Khaleej',42,'N/A','N/A','Nadra Abbad Shop No3 Badian Road Lahore',21,111,'2013-08-06 11:52:53','2013-08-06 11:52:53',37,0),(112,'Sindh Coorporation',42,'N/A','N/A','Badian Road Near Telenor Office bhatta Chwk Badian Road',21,112,'2013-08-06 11:52:53','2013-08-06 11:52:53',38,1),(113,'Rashid & Co.',42,'N/A','N/A','Near Shezan Factory, Bund Road, Lahore',21,113,'2013-08-06 11:52:53','2013-08-06 11:52:53',39,1),(114,'Rashid & Co.branch 1',42,'N/A','rashidandco786@gmail.com','Near Rehber Adda, Bund Road, Lahore',21,114,'2013-08-06 11:52:54','2013-08-06 11:52:54',39,1),(115,'Bobby Electronics',42,'N/A','bobby.electronics@gmail.com','9-commercial araea cavalery ground',21,115,'2013-08-06 11:52:54','2013-08-06 11:52:54',40,0),(116,'Kamran Electronics',42,'N/A','N/A','commercial araea  Under Shezan Bakery Cavalery ground',21,116,'2013-08-06 11:52:54','2013-08-06 11:52:54',41,1),(117,'Bismilla Gift House',42,'N/A','N/A','Near Lal, Masjid, Tameer Bank, Aziz Road, Chah Mira, Lahore',21,117,'2013-08-06 11:52:54','2013-08-06 11:52:54',42,1),(118,'Delite Domestic',42,'N/A','N/A','114-R, 100, Aziz Road, Chah Mira, Lahore',21,118,'2013-08-06 11:52:55','2013-08-06 11:52:55',43,1),(119,'AL-Madina Instalment',0,'N/A','N/A','At Main Multan Road',21,119,'2013-08-06 11:52:55','2013-08-06 11:52:55',44,0),(120,'New Al toor Electronics',0,'N/A','N/A','Chung main bazar near Govt School ',21,120,'2013-08-06 11:52:55','2013-08-06 11:52:55',44,0),(121,'Ali Electronics',423,'N/A','N/A','31/1 C1 College Road Township',21,121,'2013-08-06 11:52:55','2013-08-06 11:52:55',45,0),(122,'Al-Makah Electronics',423,'N/A','N/A','42-1C1 College Road Township',21,122,'2013-08-06 11:52:56','2013-08-06 11:52:56',46,1),(123,'Chanel Electronics',NULL,'N/A','N/A',NULL,21,123,'2013-08-06 11:52:56','2013-08-06 11:52:56',47,1),(124,'Inam Corporation',423,'N/A','N/A','145-1 B2 College Road Township',21,124,'2013-08-06 11:52:56','2013-08-06 11:52:56',48,1),(125,'Lahore Center',423,'N/A','N/A','518/15 B1 College Road Township',21,125,'2013-08-06 11:52:56','2013-08-06 11:52:56',26,1),(126,'Madina Electronics',423,'N/A','N/A','95/1 B2 College Road Township',21,126,'2013-08-06 11:52:57','2013-08-06 11:52:57',49,1),(127,'Pakistan Electronics',423,'N/A','N/A','College Road Township',21,127,'2013-08-06 11:52:57','2013-08-06 11:52:57',50,1),(128,'Rana Electronics',423,'N/A','N/A','31/1 C1 College Road Township',21,128,'2013-08-06 11:52:57','2013-08-06 11:52:57',51,0),(129,'Samsung Digital Plaza',NULL,'N/A','N/A','Butt Chowk College Road Township',27,129,'2013-08-06 11:52:58','2013-08-06 11:52:58',52,1),(130,'Subhan Electronics',423,'N/A','N/A','512-15 B1 College Road Township',21,130,'2013-08-06 11:52:58','2013-08-06 11:52:58',53,0),(131,'Tahir Brother',423,'N/A','N/A','17-2 D1 Masjid Stop Township ',21,131,'2013-08-06 11:52:58','2013-08-06 11:52:58',54,1),(132,'Yousaf Trading',423,'N/A','N/A','8-17 B1 College Road Township',21,132,'2013-08-06 11:52:59','2013-08-06 11:52:59',55,0),(133,'King Traders',423,'N/A','N/A','926-C Moulana Shoukat Ali Road Faisal Town',21,133,'2013-08-06 11:52:59','2013-08-06 11:52:59',56,1),(134,'Meer Electronics',423,'N/A','N/A','925-C Moulana Shoukat Ali Road Faisal Town',21,134,'2013-08-06 11:53:00','2013-08-06 11:53:00',57,1);
/*!40000 ALTER TABLE `shops` ENABLE KEYS */;
UNLOCK TABLES;

--
-- Table structure for table `tasks`
--

DROP TABLE IF EXISTS `tasks`;
/*!40101 SET @saved_cs_client     = @@character_set_client */;
/*!40101 SET character_set_client = utf8 */;
CREATE TABLE `tasks` (
  `id` int(11) NOT NULL AUTO_INCREMENT,
  `created_at` datetime NOT NULL,
  `updated_at` datetime NOT NULL,
  `assigned_by` int(11) DEFAULT NULL,
  `assigned_to` int(11) DEFAULT NULL,
  `comment` text COLLATE utf8_unicode_ci,
  `shop_id` int(11) DEFAULT NULL,
  `status` varchar(255) COLLATE utf8_unicode_ci DEFAULT 'pending',
  `important` tinyint(1) DEFAULT NULL,
  PRIMARY KEY (`id`)
) ENGINE=InnoDB AUTO_INCREMENT=13 DEFAULT CHARSET=utf8 COLLATE=utf8_unicode_ci;
/*!40101 SET character_set_client = @saved_cs_client */;

--
-- Dumping data for table `tasks`
--

LOCK TABLES `tasks` WRITE;
/*!40000 ALTER TABLE `tasks` DISABLE KEYS */;
INSERT INTO `tasks` VALUES (8,'2013-09-19 06:28:35','2013-09-19 07:10:53',7,11,'Visit and Make at least one report as soon as possible, keep me upadate !!!',100,'completed',1),(9,'2013-09-19 07:09:47','2013-09-19 07:14:13',4,11,'This is a test task',69,'pending',0),(10,'2013-09-28 15:05:08','2013-10-04 13:32:26',4,1,'123132132',71,'completed',1),(11,'2013-10-14 16:41:39','2013-10-14 16:41:39',7,7,'abc',69,'pending',NULL),(12,'2013-10-14 16:41:40','2013-10-14 16:41:40',7,7,'abc',69,'pending',NULL);
/*!40000 ALTER TABLE `tasks` ENABLE KEYS */;
UNLOCK TABLES;

--
-- Table structure for table `uploads`
--

DROP TABLE IF EXISTS `uploads`;
/*!40101 SET @saved_cs_client     = @@character_set_client */;
/*!40101 SET character_set_client = utf8 */;
CREATE TABLE `uploads` (
  `id` int(11) NOT NULL AUTO_INCREMENT,
  `upload_file_name` varchar(255) COLLATE utf8_unicode_ci DEFAULT NULL,
  `upload_content_type` varchar(255) COLLATE utf8_unicode_ci DEFAULT NULL,
  `upload_file_size` int(11) DEFAULT NULL,
  `upload_updated_at` datetime DEFAULT NULL,
  `created_at` datetime NOT NULL,
  `updated_at` datetime NOT NULL,
  `uploadable_id` int(11) DEFAULT NULL,
  `uploadable_type` varchar(255) COLLATE utf8_unicode_ci DEFAULT NULL,
  PRIMARY KEY (`id`)
) ENGINE=InnoDB DEFAULT CHARSET=utf8 COLLATE=utf8_unicode_ci;
/*!40101 SET character_set_client = @saved_cs_client */;

--
-- Dumping data for table `uploads`
--

LOCK TABLES `uploads` WRITE;
/*!40000 ALTER TABLE `uploads` DISABLE KEYS */;
/*!40000 ALTER TABLE `uploads` ENABLE KEYS */;
UNLOCK TABLES;

--
-- Table structure for table `user_types`
--

DROP TABLE IF EXISTS `user_types`;
/*!40101 SET @saved_cs_client     = @@character_set_client */;
/*!40101 SET character_set_client = utf8 */;
CREATE TABLE `user_types` (
  `id` int(11) NOT NULL AUTO_INCREMENT,
  `name` varchar(255) COLLATE utf8_unicode_ci DEFAULT NULL,
  `created_at` datetime NOT NULL,
  `updated_at` datetime NOT NULL,
  PRIMARY KEY (`id`)
) ENGINE=InnoDB AUTO_INCREMENT=4 DEFAULT CHARSET=utf8 COLLATE=utf8_unicode_ci;
/*!40101 SET character_set_client = @saved_cs_client */;

--
-- Dumping data for table `user_types`
--

LOCK TABLES `user_types` WRITE;
/*!40000 ALTER TABLE `user_types` DISABLE KEYS */;
INSERT INTO `user_types` VALUES (2,'admin','2013-08-24 10:28:07','2013-08-24 10:28:07'),(3,'employee','2013-09-18 20:34:06','2013-09-18 20:34:06');
/*!40000 ALTER TABLE `user_types` ENABLE KEYS */;
UNLOCK TABLES;

--
-- Table structure for table `users`
--

DROP TABLE IF EXISTS `users`;
/*!40101 SET @saved_cs_client     = @@character_set_client */;
/*!40101 SET character_set_client = utf8 */;
CREATE TABLE `users` (
  `id` int(11) NOT NULL AUTO_INCREMENT,
  `email` varchar(255) COLLATE utf8_unicode_ci NOT NULL DEFAULT '',
  `encrypted_password` varchar(255) COLLATE utf8_unicode_ci NOT NULL DEFAULT '',
  `reset_password_token` varchar(255) COLLATE utf8_unicode_ci DEFAULT NULL,
  `reset_password_sent_at` datetime DEFAULT NULL,
  `remember_created_at` datetime DEFAULT NULL,
  `sign_in_count` int(11) DEFAULT '0',
  `current_sign_in_at` datetime DEFAULT NULL,
  `last_sign_in_at` datetime DEFAULT NULL,
  `current_sign_in_ip` varchar(255) COLLATE utf8_unicode_ci DEFAULT NULL,
  `last_sign_in_ip` varchar(255) COLLATE utf8_unicode_ci DEFAULT NULL,
  `created_at` datetime NOT NULL,
  `updated_at` datetime NOT NULL,
  `first_name` varchar(255) COLLATE utf8_unicode_ci DEFAULT NULL,
  `last_name` varchar(255) COLLATE utf8_unicode_ci DEFAULT NULL,
  `phone_number` int(11) DEFAULT NULL,
  `user_type_id` int(11) DEFAULT NULL,
  PRIMARY KEY (`id`),
  UNIQUE KEY `index_representatives_on_email` (`email`),
  UNIQUE KEY `index_representatives_on_reset_password_token` (`reset_password_token`)
) ENGINE=InnoDB AUTO_INCREMENT=13 DEFAULT CHARSET=utf8 COLLATE=utf8_unicode_ci;
/*!40101 SET character_set_client = @saved_cs_client */;

--
-- Dumping data for table `users`
--

LOCK TABLES `users` WRITE;
/*!40000 ALTER TABLE `users` DISABLE KEYS */;
INSERT INTO `users` VALUES (1,'s.b.t.89@hotmail.com','$2a$10$cIDmvvzMV1gwQp5MsRLF7echyuq/oC/OWGguamuKdTdfRKQnZ2xcm','rp1uXzmdjUSarYht5rWm','2013-07-23 07:15:31',NULL,1,'2013-07-22 09:49:45','2013-07-22 09:49:45','39.42.238.72','39.42.238.72','2013-07-22 09:49:45','2013-07-23 07:15:31','Salman ','Tariq',2147483647,NULL),(2,'bakar@gmail.com','$2a$10$AMNWFBfIuhFPUpuJhJtxuu1nxZjQC8TlkWWjggiJrZW73dtTXSlT.',NULL,NULL,NULL,14,'2013-08-03 19:27:06','2013-08-02 11:10:01','182.189.106.26','117.102.33.143','2013-07-22 09:50:59','2013-08-03 19:27:06','asda','asd',123123123,NULL),(3,'rehman@orient.com.pk','$2a$10$nz8uVgzKwbcKSpGRLW7XVuUfOIgaYMuKKR71dp9n3TQejHq2mOWJa',NULL,NULL,NULL,1,'2013-07-23 07:16:50','2013-07-23 07:16:50','125.209.73.246','125.209.73.246','2013-07-23 07:16:50','2013-07-23 07:16:50','Mian Abdul Rehman','Talat',2147483647,NULL),(4,'hammad@gmail.com','$2a$10$.oclj7uHOykITAEt/zNdeueUtldDhvT271dO72WPcwlDZGEGn3m5S',NULL,NULL,NULL,56,'2013-10-25 13:42:05','2013-10-24 20:41:15','69.85.234.2','182.189.115.117','2013-07-23 08:20:30','2013-10-25 13:42:05','Hammad','Maqbool',0,2),(5,'salman_tariq007@hotmail.com','$2a$10$aG2jAn.6Rv5kw/fh6uieJ.MNaOUHALANVLXI6ppCZa92mmuUQrrMC',NULL,NULL,NULL,5,'2013-07-30 11:36:01','2013-07-29 08:06:24','117.102.34.28','39.42.85.112','2013-07-23 08:33:42','2013-07-30 11:36:01','salman','tariq',2147483647,NULL),(7,'admin1@orient.com','$2a$10$Mt1PIxqZ/Rom74RAxTemlOLrIeG4.3aE3IgK/1gpyzwn9kiXneEXa',NULL,NULL,NULL,5,'2013-10-14 16:39:54','2013-10-03 10:50:14','182.189.138.115','39.42.93.130','2013-09-18 18:16:36','2013-10-14 16:39:54','OrientAdmin3','',11111111,2),(8,'admin2@orient.com','$2a$10$PjUdy0Ah73oI7H40YRCPMeQuaL6ANx6lQVbABhBzeI18jC0kZMnDm',NULL,NULL,NULL,2,'2013-09-18 20:55:46','2013-09-18 20:50:08','39.42.60.13','39.42.60.13','2013-09-18 20:40:13','2013-09-18 21:01:19','OrientAdmin2','',2147483647,2),(9,'admin3@orient.com','$2a$10$ogE2w/oMoLsPDtzUMROnvO176acMmJEfP9VO9kZ21LuA3TPYudDD.',NULL,NULL,NULL,2,'2013-09-18 21:14:59','2013-09-18 20:55:20','39.42.60.13','39.42.60.13','2013-09-18 20:41:09','2013-09-18 21:14:59','OrientAdmin1','',45452145,2),(10,'employee1@orient.com','$2a$10$76XtdlDIpuTQ/UZ1pNusheOh.UamjJxO0xVz3do19o08ceKWlXt9O',NULL,NULL,NULL,3,'2013-09-19 06:35:15','2013-09-19 06:33:45','39.42.133.163','39.42.133.163','2013-09-18 21:05:12','2013-09-19 06:35:23','OrientEmployee1','',NULL,3),(11,'employee2@orient.com','$2a$10$MDT/eRYuUxQUUofyY8hdHObirA3C4f6gJPcWx58tG4NeWTnJFNSPu',NULL,NULL,'2013-09-19 06:35:30',6,'2013-09-19 07:07:22','2013-09-19 07:06:41','182.189.48.33','39.42.133.163','2013-09-18 21:15:50','2013-09-19 07:07:22','OrientEmployee2','',5356456,3),(12,'employee3@orient.com','$2a$10$Lrnd8bG0Hzdpm8UrVCvfy.idSmDokTL4pzumMjnPtXt4PhH31dyqK',NULL,NULL,NULL,0,NULL,NULL,NULL,NULL,'2013-09-18 21:19:30','2013-09-18 21:19:30','OrientEmployee','',1424554,3);
/*!40000 ALTER TABLE `users` ENABLE KEYS */;
UNLOCK TABLES;
/*!40103 SET TIME_ZONE=@OLD_TIME_ZONE */;

/*!40101 SET SQL_MODE=@OLD_SQL_MODE */;
/*!40014 SET FOREIGN_KEY_CHECKS=@OLD_FOREIGN_KEY_CHECKS */;
/*!40014 SET UNIQUE_CHECKS=@OLD_UNIQUE_CHECKS */;
/*!40101 SET CHARACTER_SET_CLIENT=@OLD_CHARACTER_SET_CLIENT */;
/*!40101 SET CHARACTER_SET_RESULTS=@OLD_CHARACTER_SET_RESULTS */;
/*!40101 SET COLLATION_CONNECTION=@OLD_COLLATION_CONNECTION */;
/*!40111 SET SQL_NOTES=@OLD_SQL_NOTES */;

-- Dump completed on 2013-10-26  2:51:49
